fdc_id,data_type,description,food_category_id,publication_date,fermented_food_serving_size,collagen,processing_score
171290,sr_legacy_food,American cheese,1,2019-04-01,,,10
172175,sr_legacy_food,Blue cheese,1,2019-04-01,,,80
172176,sr_legacy_food,Brick cheese,1,2019-04-01,,,80
172177,sr_legacy_food,Brie,1,2019-04-01,,,80
173412,sr_legacy_food,"Butter oil,",1,2019-04-01,,,80
173410,sr_legacy_food,"Butter, salted",1,2019-04-01,,,80
173430,sr_legacy_food,"Butter, unsalted",1,2019-04-01,,,80
173411,sr_legacy_food,"Butter, whipped",1,2019-04-01,,,70
172225,sr_legacy_food,Buttermilk,1,2019-04-01,,,80
170874,sr_legacy_food,"Buttermilk, low-fat",1,2019-04-01,,,70
167697,sr_legacy_food,"Buttermilk, reduced-fat",1,2019-04-01,,,70
172178,sr_legacy_food,Camembert,1,2019-04-01,,,80
173413,sr_legacy_food,Caraway cheese,1,2019-04-01,,,80
171291,sr_legacy_food,"Cheese food, American",1,2019-04-01,,,10
171253,sr_legacy_food,"Cheese food, Swiss",1,2019-04-01,,,10
171289,sr_legacy_food,"Cheese product, American",1,2019-04-01,,,10
173455,sr_legacy_food,"Cheese product, American, reduced fat",1,2019-04-01,,,10
172200,sr_legacy_food,Cheese sauce,1,2019-04-01,,,40
171254,sr_legacy_food,"Cheese spread, American",1,2019-04-01,,,10
170896,sr_legacy_food,"Cheese spread, American/Cheddar, reduced fat",1,2019-04-01,,,10
169081,sr_legacy_food,"Cheese spread, cream cheese",1,2019-04-01,,,40
172198,sr_legacy_food,"Cheese substitute, mozzarella",1,2019-04-01,,,10
169901,sr_legacy_food,"Cheese, american cheddar, imitation",1,2019-04-01,,,10
170863,sr_legacy_food,"Cheese, American, nonfat or fat free",1,2019-04-01,,,20
173414,sr_legacy_food,"Cheese, cheddar",1,2019-04-01,,,80
171295,sr_legacy_food,"Cheese, cheddar, nonfat or fat free",1,2019-04-01,,,10
171292,sr_legacy_food,"Cheese, cheddar, reduced fat",1,2019-04-01,,,10
173439,sr_legacy_food,"Cheese, low fat, cheddar or colby",1,2019-04-01,,,10
173440,sr_legacy_food,"Cheese, low-sodium, cheddar or colby",1,2019-04-01,,,10
172216,sr_legacy_food,"Cheese, Mexican, blend, reduced fat",1,2019-04-01,,,10
173452,sr_legacy_food,"Cheese, parmesan, dry grated, reduced fat",1,2019-04-01,,,10
167705,sr_legacy_food,"Cheese, parmesan, low sodium",1,2019-04-01,,,10
170899,sr_legacy_food,"Cheese, sharp cheddar, sliced",1,2019-04-01,,,80
173415,sr_legacy_food,Cheshire cheese,1,2019-04-01,,,80
170864,sr_legacy_food,"Chobani 2% Greek Yogurt, apricot",1,2019-04-01,,,60
171260,sr_legacy_food,"Chobani 2% Greek Yogurt, coconut",1,2019-04-01,,,60
173434,sr_legacy_food,"Chobani 2% Greek Yogurt, key lime",1,2019-04-01,,,60
172199,sr_legacy_food,"Chobani 2% Greek Yogurt, mango",1,2019-04-01,,,60
170891,sr_legacy_food,"Chobani 2% Greek Yogurt, mixed berry blend",1,2019-04-01,,,60
170909,sr_legacy_food,"Chobani 2% Greek Yogurt, pineapple",1,2019-04-01,,,60
170912,sr_legacy_food,"Chobani 2% Greek Yogurt, strawberry banana",1,2019-04-01,,,60
170914,sr_legacy_food,"Chobani Greek Yogurt, Blueberry",1,2019-04-01,,,60
170916,sr_legacy_food,"Chobani Nonfat Greek Yogurt, blackberry",1,2019-04-01,,,60
171310,sr_legacy_food,"Chobani Nonfat Greek Yogurt, Lemon",1,2019-04-01,,,60
171311,sr_legacy_food,"Chobani Nonfat Greek Yogurt, peach",1,2019-04-01,,,60
171312,sr_legacy_food,"Chobani Nonfat Greek Yogurt, plain",1,2019-04-01,,,80
170913,sr_legacy_food,"Chobani Nonfat Greek Yogurt, pomegranate",1,2019-04-01,,,60
171313,sr_legacy_food,"Chobani Nonfat Greek Yogurt, raspberry",1,2019-04-01,,,60
170915,sr_legacy_food,"Chobani Nonfat Greek Yogurt, strawberry",1,2019-04-01,,,60
171296,sr_legacy_food,"Chobani Nonfat Greek Yogurt, Vanilla",1,2019-04-01,,,60
171309,sr_legacy_food,"Chobani Whole Greek Yogurt, plain",1,2019-04-01,,,80
171303,sr_legacy_food,"Chocolate milk, fat-free",1,2019-04-01,,,50
170880,sr_legacy_food,"Chocolate milk, reduced-fat",1,2019-04-01,,,50
170879,sr_legacy_food,"Chocolate milk, whole",1,2019-04-01,,,60
173416,sr_legacy_food,Colby cheese,1,2019-04-01,,,80
172179,sr_legacy_food,Cottage cheese,1,2019-04-01,170,,80
173417,sr_legacy_food,"Cottage cheese, low-fat, 1%",1,2019-04-01,170,,70
172182,sr_legacy_food,"Cottage cheese, low-fat, 2%",1,2019-04-01,170,,80
172181,sr_legacy_food,"Cottage cheese, nonfat, dry",1,2019-04-01,170,,70
173418,sr_legacy_food,Cream cheese,1,2019-04-01,,,80
172207,sr_legacy_food,"Cream cheese, fat-free",1,2019-04-01,,,60
169079,sr_legacy_food,"Cream cheese, low-fat",1,2019-04-01,,,70
170859,sr_legacy_food,"Cream, heavy whipping",1,2019-04-01,,,90
170857,sr_legacy_food,"Cream, light",1,2019-04-01,,,90
170858,sr_legacy_food,"Cream, light whipping",1,2019-04-01,,,90
170867,sr_legacy_food,"Dessert topping, pressurized",1,2019-04-01,,,40
173461,sr_legacy_food,Dulce de Leche,1,2019-04-01,,,30
173419,sr_legacy_food,Edam cheese,1,2019-04-01,,,80
172183,sr_legacy_food,Egg whites,1,2019-04-01,,,90
172184,sr_legacy_food,Egg yolk,1,2019-04-01,,,100
172189,sr_legacy_food,"Egg, duck",1,2019-04-01,,,100
172190,sr_legacy_food,"Egg, goose",1,2019-04-01,,,100
172191,sr_legacy_food,"Egg, quail",1,2019-04-01,,,100
172192,sr_legacy_food,"Egg, turkey",1,2019-04-01,,,100
171258,sr_legacy_food,Eggnog,1,2019-04-01,,,50
172186,sr_legacy_food,Eggs,1,2019-04-01,,,100
173424,sr_legacy_food,"Eggs, boiled",1,2019-04-01,,,100
173423,sr_legacy_food,"Eggs, fried",1,2019-04-01,,,90
172185,sr_legacy_food,"Eggs, omelet",1,2019-04-01,,,90
171287,sr_legacy_food,"Eggs, raw",1,2019-04-01,,,100
172187,sr_legacy_food,"Eggs, scrambled",1,2019-04-01,,,90
173420,sr_legacy_food,Feta cheese,1,2019-04-01,,,80
170843,sr_legacy_food,Fontina cheese,1,2019-04-01,,,80
170908,sr_legacy_food,"Frozen yogurt, low-fat",1,2019-04-01,170,,40
171314,sr_legacy_food,Ghee,1,2019-04-01,,,80
171240,sr_legacy_food,Gjetost,1,2019-04-01,,,70
172197,sr_legacy_food,"Goat cheese, hard",1,2019-04-01,,,80
173433,sr_legacy_food,"Goat cheese, semi-soft",1,2019-04-01,,,80
173435,sr_legacy_food,"Goat cheese, soft",1,2019-04-01,,,80
171241,sr_legacy_food,Gouda cheese,1,2019-04-01,,,80
171304,sr_legacy_food,Greek yogurt,1,2019-04-01,170,,80
170903,sr_legacy_food,"Greek yogurt, low-fat",1,2019-04-01,170,,70
171300,sr_legacy_food,"Greek yogurt, strawberry",1,2019-04-01,170,,60
170901,sr_legacy_food,"Greek yogurt, strawberry, nonfat",1,2019-04-01,170,,50
170902,sr_legacy_food,"Greek yogurt, vanilla, nonfat",1,2019-04-01,170,,50
170907,sr_legacy_food,"Greek yogurt, vaninlla",1,2019-04-01,170,,60
171242,sr_legacy_food,Gruyère cheese,1,2019-04-01,,,80
171255,sr_legacy_food,Half and half,1,2019-04-01,,,80
172212,sr_legacy_food,"Half and half, fat-free",1,2019-04-01,,,60
171308,sr_legacy_food,"Half and half, low-fat",1,2019-04-01,,,50
171277,sr_legacy_food,Hot cocoa,1,2019-04-01,,,50
171305,sr_legacy_food,"Ice cream bar, covered with chocolate and nuts",1,2019-04-01,,,30
171294,sr_legacy_food,"Ice cream bar, stick or nugget, with crunch coating",1,2019-04-01,,,30
172227,sr_legacy_food,Ice cream cookie sandwich,1,2019-04-01,,,20
172226,sr_legacy_food,Ice cream sandwich,1,2019-04-01,,,20
171306,sr_legacy_food,Ice cream sundae cone,1,2019-04-01,,,20
173466,sr_legacy_food,"Ice cream, bar or stick, chocolate covered",1,2019-04-01,,,30
173467,sr_legacy_food,"Ice cream, fat-free",1,2019-04-01,,,40
169073,sr_legacy_food,"Instant breakfast powder, chocolate",1,2019-04-01,,,30
169897,sr_legacy_food,"Instant breakfast powder, chocolate, sugar-free",1,2019-04-01,,,30
170904,sr_legacy_food,"Kefir, low-fat",1,2019-04-01,200,,80
171301,sr_legacy_food,"Kefir, strawberry, low-fat",1,2019-04-01,200,,60
171243,sr_legacy_food,Limburger cheese,1,2019-04-01,,,80
171288,sr_legacy_food,Mexican cheese blend,1,2019-04-01,,,80
172217,sr_legacy_food,Milk,1,2019-04-01,,,90
170872,sr_legacy_food,"Milk, 1%",1,2019-04-01,,,90
172205,sr_legacy_food,"Milk, 2%",1,2019-04-01,,,90
171279,sr_legacy_food,"Milk, breast",1,2019-04-01,,,100
172194,sr_legacy_food,"Milk, evaporated",1,2019-04-01,,,70
171302,sr_legacy_food,"Milk, evaporated, 2%",1,2019-04-01,,,70
171278,sr_legacy_food,"Milk, goat",1,2019-04-01,,,90
170882,sr_legacy_food,"Milk, sheep",1,2019-04-01,,,90
173432,sr_legacy_food,"Milk, skim",1,2019-04-01,,,90
171275,sr_legacy_food,"Milk, sweetened condensed",1,2019-04-01,,,50
170883,sr_legacy_food,"Milkshake, chocolate",1,2019-04-01,,,40
170884,sr_legacy_food,"Milkshake, vanilla",1,2019-04-01,,,20
170844,sr_legacy_food,Monterey Jack cheese,1,2019-04-01,,,80
168098,sr_legacy_food,"Monterey Jack cheese, low-fat",1,2019-04-01,,,70
170845,sr_legacy_food,Mozzarella cheese,1,2019-04-01,,,80
169051,sr_legacy_food,"Mozzarella cheese, fat-free",1,2019-04-01,,,70
170846,sr_legacy_food,"Mozzarella cheese, low-moisture",1,2019-04-01,,,80
167735,sr_legacy_food,"Mozzarella cheese, low-sodium",1,2019-04-01,,,80
170847,sr_legacy_food,"Mozzarella cheese, part-skim",1,2019-04-01,,,80
171244,sr_legacy_food,"Mozzarella cheese, part-skim",1,2019-04-01,,,80
170900,sr_legacy_food,"Mozzarella cheese, shredded",1,2019-04-01,,,80
171245,sr_legacy_food,Muenster cheese,1,2019-04-01,,,80
169050,sr_legacy_food,"Muenster cheese, low-fat",1,2019-04-01,,,70
171246,sr_legacy_food,Neufchâtel cheese,1,2019-04-01,,,80
171297,sr_legacy_food,"Oikos Greek Yogurt, strawberry",1,2019-04-01,,,60
171299,sr_legacy_food,"Oikos Nonfat Greek Yogurt, strawberry",1,2019-04-01,,,50
171298,sr_legacy_food,"Oikos Nonfat Greek Yogurt, Vanilla",1,2019-04-01,,,50
170848,sr_legacy_food,Parmesan cheese,1,2019-04-01,,,80
171247,sr_legacy_food,"Parmesan cheese, grated",1,2019-04-01,,,80
173431,sr_legacy_food,"Parmesan cheese, shredded",1,2019-04-01,,,80
170854,sr_legacy_food,Pimento cheese,1,2019-04-01,,,70
170849,sr_legacy_food,Port Salut cheese,1,2019-04-01,,,80
170850,sr_legacy_food,Provolone cheese,1,2019-04-01,,,80
172215,sr_legacy_food,"Provolone cheese, reduced-fat",1,2019-04-01,,,70
172201,sr_legacy_food,Queso añejo,1,2019-04-01,,,80
173437,sr_legacy_food,Queso asadero,1,2019-04-01,,,80
172224,sr_legacy_food,Queso blanco,1,2019-04-01,,,80
173438,sr_legacy_food,Queso chihuahua,1,2019-04-01,,,80
170898,sr_legacy_food,Queso cotija,1,2019-04-01,,,80
172223,sr_legacy_food,Queso fresco,1,2019-04-01,,,80
172222,sr_legacy_food,Queso seco,1,2019-04-01,,,80
172213,sr_legacy_food,Reddi Wip Fat Free Whipped Topping,1,2019-04-01,,,10
170851,sr_legacy_food,Ricotta cheese,1,2019-04-01,,,80
171248,sr_legacy_food,"Ricotta cheese, part-skim",1,2019-04-01,,,80
171249,sr_legacy_food,Romano cheese,1,2019-04-01,,,80
171250,sr_legacy_food,Roquefort cheese,1,2019-04-01,,,80
173465,sr_legacy_food,"Soft serve, chocolate",1,2019-04-01,,,40
171293,sr_legacy_food,"Soft serve, chocolate, light",1,2019-04-01,,,40
171257,sr_legacy_food,Sour cream,1,2019-04-01,,,80
173444,sr_legacy_food,"Sour cream, fat-free",1,2019-04-01,,,70
170869,sr_legacy_food,"Sour cream, imitation, cultured",1,2019-04-01,,,50
173443,sr_legacy_food,"Sour cream, light",1,2019-04-01,,,70
173442,sr_legacy_food,"Sour cream, low-fat",1,2019-04-01,,,70
171256,sr_legacy_food,"Sour cream, reduced fat",1,2019-04-01,,,70
171251,sr_legacy_food,Swiss cheese,1,2019-04-01,,,80
170897,sr_legacy_food,"Swiss cheese, fat-free",1,2019-04-01,,,60
168141,sr_legacy_food,"Swiss cheese, low-fat",1,2019-04-01,,,70
168124,sr_legacy_food,"Swiss cheese, low-sodium",1,2019-04-01,,,80
170852,sr_legacy_food,Tilsit cheese,1,2019-04-01,,,80
170860,sr_legacy_food,Whipped cream,1,2019-04-01,,,80
171284,sr_legacy_food,Yogurt,1,2019-04-01,170,,70
172208,sr_legacy_food,"Yogurt, chocolate",1,2019-04-01,170,,60
170886,sr_legacy_food,"Yogurt, low-fat",1,2019-04-01,170,,80
170887,sr_legacy_food,"Yogurt, nonfat",1,2019-04-01,170,,80
170888,sr_legacy_food,"Yogurt, vanilla, low-fat",1,2019-04-01,170,,50
170906,sr_legacy_food,"Yogurt, vanilla, nonfat",1,2019-04-01,170,,50
171316,sr_legacy_food,Anise seed,2,2019-04-01,,,90
172232,sr_legacy_food,Basil,2,2019-04-01,,,90
171317,sr_legacy_food,"Basil, dried",2,2019-04-01,,,90
170917,sr_legacy_food,Bay leaf,2,2019-04-01,,,90
170931,sr_legacy_food,Black pepper,2,2019-04-01,,,90
172238,sr_legacy_food,Capers,2,2019-04-01,,,80
170918,sr_legacy_food,Caraway seed,2,2019-04-01,,,90
170919,sr_legacy_food,Cardamom,2,2019-04-01,,,90
170932,sr_legacy_food,Cayenne pepper,2,2019-04-01,,,90
170920,sr_legacy_food,Celery seed,2,2019-04-01,,,90
171318,sr_legacy_food,"Chervil, dried",2,2019-04-01,,,90
171319,sr_legacy_food,Chili powder,2,2019-04-01,,,80
170921,sr_legacy_food,"Cilantro, dried",2,2019-04-01,,,90
171320,sr_legacy_food,Cinnamon,2,2019-04-01,,,90
170922,sr_legacy_food,Coriander seed,2,2019-04-01,,,90
170923,sr_legacy_food,Cumin seed,2,2019-04-01,,,90
170924,sr_legacy_food,Curry powder,2,2019-04-01,,,80
172233,sr_legacy_food,Dill,2,2019-04-01,,,90
170925,sr_legacy_food,Dill seed,2,2019-04-01,,,90
171322,sr_legacy_food,"Dill, dried",2,2019-04-01,,,90
171328,sr_legacy_food,Dried oregano,2,2019-04-01,,,90
170930,sr_legacy_food,Dried parsley,2,2019-04-01,,,90
171323,sr_legacy_food,Fennel seed,2,2019-04-01,,,90
171324,sr_legacy_food,Fenugreek seed,2,2019-04-01,,,90
171325,sr_legacy_food,Garlic powder,2,2019-04-01,,,80
171315,sr_legacy_food,Ground allspice,2,2019-04-01,,,80
171321,sr_legacy_food,Ground cloves,2,2019-04-01,,,80
170926,sr_legacy_food,Ground ginger,2,2019-04-01,,,80
170927,sr_legacy_food,Ground mace,2,2019-04-01,,,80
170929,sr_legacy_food,Ground mustard,2,2019-04-01,,,80
171326,sr_legacy_food,Ground nutmeg,2,2019-04-01,,,80
170935,sr_legacy_food,Ground sage,2,2019-04-01,,,80
170936,sr_legacy_food,Ground savory,2,2019-04-01,,,80
172231,sr_legacy_food,Ground turmeric,2,2019-04-01,,,80
173472,sr_legacy_food,Horseradish,2,2019-04-01,,,90
170928,sr_legacy_food,"Marjoram, dried",2,2019-04-01,,,90
172234,sr_legacy_food,"Mustard, yellow",2,2019-04-01,,,80
171327,sr_legacy_food,Onion powder,2,2019-04-01,,,80
171329,sr_legacy_food,Paprika,2,2019-04-01,,,90
170933,sr_legacy_food,"Pepper, white",2,2019-04-01,,,80
173474,sr_legacy_food,Peppermint,2,2019-04-01,,,90
171330,sr_legacy_food,Poppy seed,2,2019-04-01,,,90
171331,sr_legacy_food,Poultry seasoning,2,2019-04-01,,,70
171332,sr_legacy_food,Pumpkin pie spice,2,2019-04-01,,,70
173473,sr_legacy_food,Rosemary,2,2019-04-01,,,90
171333,sr_legacy_food,"Rosemary, dried",2,2019-04-01,,,90
170934,sr_legacy_food,Saffron,2,2019-04-01,,,90
173468,sr_legacy_food,Salt,2,2019-04-01,,,100
173475,sr_legacy_food,Spearmin,2,2019-04-01,,,90
172239,sr_legacy_food,"Spearmint, dried",2,2019-04-01,,,90
170937,sr_legacy_food,"Tarragon, dried",2,2019-04-01,,,90
173470,sr_legacy_food,Thyme,2,2019-04-01,,,90
170938,sr_legacy_food,"Thyme, dried",2,2019-04-01,,,90
173471,sr_legacy_food,Vanilla extract,2,2019-04-01,,,50
172237,sr_legacy_food,Vinegar,2,2019-04-01,,,80
172241,sr_legacy_food,"Vinegar, apple cider",2,2019-04-01,,,80
173469,sr_legacy_food,"Vinegar, cider",2,2019-04-01,,,80
172240,sr_legacy_food,"Vinegar, red wine",2,2019-04-01,,,80
171031,sr_legacy_food,Almond oil,4,2019-04-01,,,80
171032,sr_legacy_food,Apricot kernel oil,4,2019-04-01,,,70
173573,sr_legacy_food,Avocado oil,4,2019-04-01,,,80
171428,sr_legacy_food,Babassu oil,4,2019-04-01,,,80
172345,sr_legacy_food,Bacon grease,4,2019-04-01,,,80
171400,sr_legacy_food,Beef tallow,4,2019-04-01,,,100
172336,sr_legacy_food,Canola oil,4,2019-04-01,,,0
173564,sr_legacy_food,Chicken fat,4,2019-04-01,,,80
171421,sr_legacy_food,Cocoa butter,4,2019-04-01,,,80
171412,sr_legacy_food,Coconut oil,4,2019-04-01,,,80
173577,sr_legacy_food,Cod liver oil,4,2019-04-01,,,90
171029,sr_legacy_food,Corn oil,4,2019-04-01,,,0
171024,sr_legacy_food,Cottonseed oil,4,2019-04-01,,,0
171441,sr_legacy_food,Cottonseed oil,4,2019-04-01,,,0
173563,sr_legacy_food,Cupuassu butter,4,2019-04-01,,,80
173562,sr_legacy_food,"Dressing, blue cheese",4,2019-04-01,,,40
169055,sr_legacy_food,"Dressing, Caesar",4,2019-04-01,,,40
169056,sr_legacy_food,"Dressing, coleslaw",4,2019-04-01,,,40
171044,sr_legacy_food,"Dressing, creamy poppyseed",4,2019-04-01,,,40
171416,sr_legacy_food,"Dressing, French",4,2019-04-01,,,40
169057,sr_legacy_food,"Dressing, green goddess",4,2019-04-01,,,40
171043,sr_legacy_food,"Dressing, honey mustard",4,2019-04-01,,,40
171046,sr_legacy_food,"Dressing, honey mustard, fat-free",4,2019-04-01,,,30
171019,sr_legacy_food,"Dressing, Italian",4,2019-04-01,,,40
169895,sr_legacy_food,"Dressing, light buttermilk",4,2019-04-01,,,30
168093,sr_legacy_food,"Dressing, peppercorn",4,2019-04-01,,,40
173592,sr_legacy_food,"Dressing, ranch",4,2019-04-01,,,40
171005,sr_legacy_food,"Dressing, Russian",4,2019-04-01,,,40
171006,sr_legacy_food,"Dressing, sesame",4,2019-04-01,,,40
169875,sr_legacy_food,"Dressing, sweet and sour",4,2019-04-01,,,30
167702,sr_legacy_food,Flaxseed oil,4,2019-04-01,,,90
173572,sr_legacy_food,Goose fat,4,2019-04-01,,,80
171028,sr_legacy_food,Grapeseed oil,4,2019-04-01,,,0
171427,sr_legacy_food,Hazelnut oil,4,2019-04-01,,,80
172340,sr_legacy_food,Herring oil,4,2019-04-01,,,90
171401,sr_legacy_food,Lard,4,2019-04-01,,,80
171415,sr_legacy_food,"Margarine spread, 35-39% fat",4,2019-04-01,,,20
173589,sr_legacy_food,"Margarine Spread, 40-49% fat",4,2019-04-01,,,10
173587,sr_legacy_food,Margarine,4,2019-04-01,,,10
172349,sr_legacy_food,"Margarine, without salt",4,2019-04-01,,,10
171009,sr_legacy_food,Mayonnaise,4,2019-04-01,,,20
171443,sr_legacy_food,"Mayonnaise, reduced fat, with olive oil",4,2019-04-01,,,40
172341,sr_legacy_food,Menhaden oil,4,2019-04-01,,,0
172337,sr_legacy_food,Mustard oil,4,2019-04-01,,,80
172335,sr_legacy_food,Nutmeg butter,4,2019-04-01,,,80
173576,sr_legacy_food,Oat oil,4,2019-04-01,,,0
171413,sr_legacy_food,Olive oil,4,2019-04-01,,,80
171422,sr_legacy_food,Palm kernel oil,4,2019-04-01,,,0
171015,sr_legacy_food,Palm oil,4,2019-04-01,,,80
171430,sr_legacy_food,PAM cooking spray,4,2019-04-01,,,20
171410,sr_legacy_food,Peanut oil,4,2019-04-01,,,0
171423,sr_legacy_food,Poppyseed oil,4,2019-04-01,,,0
171013,sr_legacy_food,Rice bran oil,4,2019-04-01,,,0
171026,sr_legacy_food,Safflower oil,4,2019-04-01,,,0
171027,sr_legacy_food,Safflower oil,4,2019-04-01,,,0
167704,sr_legacy_food,"Salad dressing, bacon and tomato",4,2019-04-01,,,30
167699,sr_legacy_food,"Salad dressing, blue or roquefort cheese dressing, fat-free",4,2019-04-01,,,20
167692,sr_legacy_food,"Salad dressing, blue or roquefort cheese dressing, light",4,2019-04-01,,,30
169876,sr_legacy_food,"Salad dressing, blue or roquefort cheese, low calorie",4,2019-04-01,,,30
171045,sr_legacy_food,"Salad dressing, caesar, fat-free",4,2019-04-01,,,20
169877,sr_legacy_food,"Salad dressing, caesar, low calorie",4,2019-04-01,,,30
168109,sr_legacy_food,"Salad Dressing, coleslaw, reduced fat",4,2019-04-01,,,30
173591,sr_legacy_food,"Salad dressing, ranch dressing, fat-free",4,2019-04-01,,,20
173593,sr_legacy_food,"Salad dressing, ranch dressing, reduced fat",4,2019-04-01,,,30
171007,sr_legacy_food,"Salad dressing, russian dressing",4,2019-04-01,,,20
171402,sr_legacy_food,"Salad dressing, thousand island",4,2019-04-01,,,20
172343,sr_legacy_food,Salmon oil,4,2019-04-01,,,90
173578,sr_legacy_food,Sardine oil,4,2019-04-01,,,90
171016,sr_legacy_food,Sesame oil,4,2019-04-01,,,80
171429,sr_legacy_food,Shea butter,4,2019-04-01,,,80
173584,sr_legacy_food,"Shortening, vegetable",4,2019-04-01,,,10
173598,sr_legacy_food,Soy oil,4,2019-04-01,,,0
172370,sr_legacy_food,Soybean oil,4,2019-04-01,,,0
172338,sr_legacy_food,Sunflower oil,4,2019-04-01,,,80
171425,sr_legacy_food,Tea seed oil,4,2019-04-01,,,80
171424,sr_legacy_food,Tomato seed oil,4,2019-04-01,,,80
173571,sr_legacy_food,Turkey fat,4,2019-04-01,,,80
173570,sr_legacy_food,Ucuhuba butter,4,2019-04-01,,,80
171417,sr_legacy_food,Vinaigrette,4,2019-04-01,,,80
171030,sr_legacy_food,Walnut oil,4,2019-04-01,,,80
171014,sr_legacy_food,Wheat germ oil,4,2019-04-01,,,60
171054,sr_legacy_food,Chicken,5,2019-04-01,,0.55,90
171470,sr_legacy_food,"Chicken back, fried, battered",5,2019-04-01,,0.9,40
171471,sr_legacy_food,"Chicken back, fried, floured",5,2019-04-01,,0.95,40
171074,sr_legacy_food,"Chicken back, fried, skinless",5,2019-04-01,,0.6,50
171469,sr_legacy_food,"Chicken back, raw, meat & skin",5,2019-04-01,,1,100
171073,sr_legacy_food,"Chicken back, raw, skinless",5,2019-04-01,,0.9,90
171071,sr_legacy_food,"Chicken back, roasted",5,2019-04-01,,1.4,90
171472,sr_legacy_food,"Chicken back, roasted, skinless",5,2019-04-01,,0.7,80
171072,sr_legacy_food,"Chicken back, stewed",5,2019-04-01,,1.2,90
171473,sr_legacy_food,"Chicken back, stewed, skinless",5,2019-04-01,,0.6,80
171140,sr_legacy_food,"Chicken breast, braised",5,2019-04-01,,0.3,90
171475,sr_legacy_food,"Chicken breast, fried, battered",5,2019-04-01,,0.5,40
171476,sr_legacy_food,"Chicken breast, fried, floured",5,2019-04-01,,0.6,50
171078,sr_legacy_food,"Chicken breast, fried, skinless",5,2019-04-01,,0.2,80
171534,sr_legacy_food,"Chicken breast, grilled",5,2019-04-01,,0.25,90
171077,sr_legacy_food,"Chicken breast, raw",5,2019-04-01,,0.12,100
171474,sr_legacy_food,"Chicken breast, raw, meat & skin",5,2019-04-01,,0.6,100
171477,sr_legacy_food,"Chicken breast, roasted",5,2019-04-01,,0.3,90
171075,sr_legacy_food,"Chicken breast, roasted, meat & skin",5,2019-04-01,,0.6,90
171076,sr_legacy_food,"Chicken breast, stewed, meat & skin",5,2019-04-01,,0.5,90
171478,sr_legacy_food,"Chicken breast, stewed, skinless",5,2019-04-01,,0.25,80
171068,sr_legacy_food,"Chicken dark, fried, meat, skinless",5,2019-04-01,,0.5,80
174497,sr_legacy_food,"Chicken drumstick, braised, dark meat",5,2019-04-01,,1.15,90
172852,sr_legacy_food,"Chicken drumstick, braised, dark meat, skinless",5,2019-04-01,,0.5,80
172374,sr_legacy_food,"Chicken drumstick, fried, battered",5,2019-04-01,,1,40
173611,sr_legacy_food,"Chicken drumstick, fried, floured",5,2019-04-01,,1.05,50
172375,sr_legacy_food,"Chicken drumstick, fried, skinless",5,2019-04-01,,0.45,80
172373,sr_legacy_food,"Chicken drumstick, raw",5,2019-04-01,,0.9,100
173614,sr_legacy_food,"Chicken drumstick, raw, skinless",5,2019-04-01,,0.6,100
173612,sr_legacy_food,"Chicken drumstick, roasted",5,2019-04-01,,1.15,90
172376,sr_legacy_food,"Chicken drumstick, skinless",5,2019-04-01,,0.45,80
173613,sr_legacy_food,"Chicken drumstick, stewed",5,2019-04-01,,1,90
172377,sr_legacy_food,"Chicken drumstick, stewed, skinless",5,2019-04-01,,0.45,90
171468,sr_legacy_food,"Chicken fat, raw",5,2019-04-01,,0.05,100
171119,sr_legacy_food,"Chicken feet, boiled",5,2019-04-01,,8,90
171058,sr_legacy_food,"Chicken giblets, fried",5,2019-04-01,,0.9,80
171057,sr_legacy_food,"Chicken giblets, raw",5,2019-04-01,,1,100
171455,sr_legacy_food,"Chicken giblets, simmered",5,2019-04-01,,1.2,90
171457,sr_legacy_food,Chicken gizzard,5,2019-04-01,,1.2,90
171456,sr_legacy_food,"Chicken gizzard, raw",5,2019-04-01,,1,100
171059,sr_legacy_food,Chicken heart,5,2019-04-01,,0.9,90
171458,sr_legacy_food,"Chicken heart, raw",5,2019-04-01,,0.8,100
173615,sr_legacy_food,"Chicken leg, fried, battered",5,2019-04-01,,1,40
173616,sr_legacy_food,"Chicken leg, fried, floured",5,2019-04-01,,1.05,60
172379,sr_legacy_food,"Chicken leg, fried, skinless",5,2019-04-01,,0.55,70
172378,sr_legacy_food,"Chicken leg, raw",5,2019-04-01,,1,90
173619,sr_legacy_food,"Chicken leg, raw, skinless",5,2019-04-01,,0.7,90
173617,sr_legacy_food,"Chicken leg, roasted",5,2019-04-01,,1.2,90
172380,sr_legacy_food,"Chicken leg, roasted, skinless",5,2019-04-01,,0.6,90
173618,sr_legacy_food,"Chicken leg, stewed",5,2019-04-01,,1.05,90
172381,sr_legacy_food,"Chicken leg, stewed, skinless",5,2019-04-01,,0.55,90
174491,sr_legacy_food,Chicken liver,5,2019-04-01,,0.3,100
171060,sr_legacy_food,"Chicken liver, raw",5,2019-04-01,,0.25,100
171061,sr_legacy_food,"Chicken liver, simmered",5,2019-04-01,,0.28,90
173620,sr_legacy_food,"Chicken neck, fried, battered",5,2019-04-01,,2,40
173621,sr_legacy_food,"Chicken neck, fried, floured",5,2019-04-01,,2.1,60
172383,sr_legacy_food,"Chicken neck, fried, skinless",5,2019-04-01,,1.8,80
172382,sr_legacy_food,"Chicken neck, raw",5,2019-04-01,,3.2,90
173623,sr_legacy_food,"Chicken neck, raw, skinless",5,2019-04-01,,2.8,90
173622,sr_legacy_food,"Chicken neck, simmered",5,2019-04-01,,3,90
172384,sr_legacy_food,"Chicken neck, simmered, skinless",5,2019-04-01,,2.5,90
171513,sr_legacy_food,Chicken patty,5,2019-04-01,,0.6,40
171512,sr_legacy_food,Chicken patty uncooked,5,2019-04-01,,0.5,40
174496,sr_legacy_food,Chicken skin,5,2019-04-01,,10,90
172854,sr_legacy_food,"Chicken skin, braised",5,2019-04-01,,9,90
171453,sr_legacy_food,"Chicken skin, fried, battered",5,2019-04-01,,7.5,60
171454,sr_legacy_food,"Chicken skin, fried, floured",5,2019-04-01,,8,70
171056,sr_legacy_food,"Chicken skin, raw",5,2019-04-01,,10,90
172855,sr_legacy_food,"Chicken skin, raw",5,2019-04-01,,10,90
171055,sr_legacy_food,"Chicken skin, roasted",5,2019-04-01,,9.5,90
172388,sr_legacy_food,Chicken thigh,5,2019-04-01,,0.6,90
174498,sr_legacy_food,"Chicken thigh, braised, dark meat, meat & skin",5,2019-04-01,,1.2,90
172853,sr_legacy_food,"Chicken thigh, braised, dark meat, skinless",5,2019-04-01,,0.55,90
172386,sr_legacy_food,"Chicken thigh, fried, battered",5,2019-04-01,,1,60
173624,sr_legacy_food,"Chicken thigh, fried, floured",5,2019-04-01,,1.05,70
172387,sr_legacy_food,"Chicken thigh, fried, skinless",5,2019-04-01,,0.55,80
173627,sr_legacy_food,"Chicken thigh, raw, dark meat, skinless",5,2019-04-01,,0.7,90
172385,sr_legacy_food,"Chicken thigh, raw, meat & skin",5,2019-04-01,,1,90
173625,sr_legacy_food,"Chicken thigh, roasted, meat & skin",5,2019-04-01,,1.2,90
173626,sr_legacy_food,"Chicken thigh, stewed, meat & skin",5,2019-04-01,,1.05,90
172389,sr_legacy_food,"Chicken thigh, stewed, skinless",5,2019-04-01,,0.55,90
173628,sr_legacy_food,"Chicken wing, fried, battered",5,2019-04-01,,0.95,40
173629,sr_legacy_food,"Chicken wing, fried, floured",5,2019-04-01,,1,50
172391,sr_legacy_food,"Chicken wing, fried, skinless",5,2019-04-01,,0.4,50
172390,sr_legacy_food,"Chicken wing, raw",5,2019-04-01,,0.9,90
173632,sr_legacy_food,"Chicken wing, raw, skinless",5,2019-04-01,,0.5,90
173630,sr_legacy_food,"Chicken wing, roasted",5,2019-04-01,,1.1,90
172392,sr_legacy_food,"Chicken wing, roasted, skinless",5,2019-04-01,,0.45,90
173631,sr_legacy_food,"Chicken wing, stewed",5,2019-04-01,,1,90
172393,sr_legacy_food,"Chicken wing, stewed, skinless",5,2019-04-01,,0.42,90
171448,sr_legacy_food,"Chicken, fried, battered",5,2019-04-01,,0.95,40
171063,sr_legacy_food,"Chicken, fried, dark meat, battered",5,2019-04-01,,0.95,40
171064,sr_legacy_food,"Chicken, fried, dark meat, floured",5,2019-04-01,,1,50
171449,sr_legacy_food,"Chicken, fried, floured",5,2019-04-01,,1,50
171459,sr_legacy_food,"Chicken, fried, light meat, battered",5,2019-04-01,,0.9,40
171460,sr_legacy_food,"Chicken, fried, light meat, floured",5,2019-04-01,,0.95,50
171465,sr_legacy_food,"Chicken, fried, light meat, skinless",5,2019-04-01,,0.4,50
171053,sr_legacy_food,"Chicken, fried, skinless",5,2019-04-01,,0.45,50
171447,sr_legacy_food,"Chicken, raw",5,2019-04-01,,0.9,90
171463,sr_legacy_food,"Chicken, raw, dark meat, meat & skin",5,2019-04-01,,1,90
171067,sr_legacy_food,"Chicken, raw, dark meat, skinless",5,2019-04-01,,0.6,90
171062,sr_legacy_food,"Chicken, raw, light meat, meat & skin",5,2019-04-01,,0.9,90
171464,sr_legacy_food,"Chicken, raw, light meat, skinless",5,2019-04-01,,0.5,90
171052,sr_legacy_food,"Chicken, raw, skinless",5,2019-04-01,,0.6,90
171450,sr_legacy_food,"Chicken, roasted",5,2019-04-01,,1.1,90
171065,sr_legacy_food,"Chicken, roasted, dark meat, meat & skin",5,2019-04-01,,1.2,90
171069,sr_legacy_food,"Chicken, roasted, dark meat, skinless",5,2019-04-01,,0.55,90
171461,sr_legacy_food,"Chicken, roasted, light meat, meat & skin",5,2019-04-01,,1,90
171466,sr_legacy_food,"Chicken, roasted, light meat, skinless",5,2019-04-01,,0.45,90
171051,sr_legacy_food,"Chicken, stewed",5,2019-04-01,,1,90
171066,sr_legacy_food,"Chicken, stewed, dark meat, meat & skin",5,2019-04-01,,1.1,90
171070,sr_legacy_food,"Chicken, stewed, dark meat, skinless",5,2019-04-01,,0.5,90
171462,sr_legacy_food,"Chicken, stewed, light meat, meat & skin",5,2019-04-01,,0.9,90
171467,sr_legacy_food,"Chicken, stewed, light meat, skinless",5,2019-04-01,,0.42,90
171451,sr_legacy_food,"Chicken, stewed, skinless",5,2019-04-01,,0.5,90
169905,sr_legacy_food,Dove,5,2019-04-01,,0.5,90
172409,sr_legacy_food,Duck,5,2019-04-01,,1.2,90
174467,sr_legacy_food,"Duck liver, raw",5,2019-04-01,,0.25,100
172408,sr_legacy_food,"Duck, raw",5,2019-04-01,,1.1,100
172411,sr_legacy_food,"Duck, skinless",5,2019-04-01,,0.5,90
172410,sr_legacy_food,"Duck, skinless, raw",5,2019-04-01,,0.45,100
174477,sr_legacy_food,Emu fan fillet,5,2019-04-01,,0.6,90
174476,sr_legacy_food,"Emu fan fillet, raw",5,2019-04-01,,0.55,100
174478,sr_legacy_food,"Emu flat fillet, raw",5,2019-04-01,,0.6,100
172836,sr_legacy_food,Emu inside drum,5,2019-04-01,,0.75,90
172835,sr_legacy_food,"Emu inside drum, raw",5,2019-04-01,,0.7,100
172837,sr_legacy_food,"Emu outside drum, raw",5,2019-04-01,,0.7,100
172838,sr_legacy_food,"Emu oyster, raw",5,2019-04-01,,0.6,100
172834,sr_legacy_food,Emu rump,5,2019-04-01,,0.6,90
174479,sr_legacy_food,"Emu rump, raw",5,2019-04-01,,0.55,100
174480,sr_legacy_food,"Emu top loin, cooked",5,2019-04-01,,0.6,90
173634,sr_legacy_food,"Goose breast, raw, skinless",5,2019-04-01,,0.3,90
172415,sr_legacy_food,"Goose liver, raw",5,2019-04-01,,0.25,100
172414,sr_legacy_food,Goose meat only,5,2019-04-01,,0.6,90
172413,sr_legacy_food,"Goose meat only, raw",5,2019-04-01,,0.5,90
172412,sr_legacy_food,Goose with skin,5,2019-04-01,,1.4,90
174470,sr_legacy_food,"Goose with skin, raw",5,2019-04-01,,1.3,90
171117,sr_legacy_food,Ground chicken,5,2019-04-01,,0.6,80
171116,sr_legacy_food,"Ground chicken, raw",5,2019-04-01,,0.55,80
172833,sr_legacy_food,Ground emu,5,2019-04-01,,0.6,80
172832,sr_legacy_food,"Ground emu, raw",5,2019-04-01,,0.55,80
174482,sr_legacy_food,Ground ostrich,5,2019-04-01,,0.6,80
174481,sr_legacy_food,"Ground ostrich, raw",5,2019-04-01,,0.55,80
171506,sr_legacy_food,Ground turkey,5,2019-04-01,,0.9,80
174494,sr_legacy_food,"Ground turkey, 85/15",5,2019-04-01,,1,80
174493,sr_legacy_food,"Ground turkey, 85/15, raw",5,2019-04-01,,0.9,80
172851,sr_legacy_food,"Ground turkey, 93/7",5,2019-04-01,,0.8,80
172850,sr_legacy_food,"Ground turkey, 93/7, raw",5,2019-04-01,,0.7,80
172848,sr_legacy_food,"Ground turkey, fat free",5,2019-04-01,,0.6,80
172847,sr_legacy_food,"Ground turkey, fat free, raw",5,2019-04-01,,0.5,80
171505,sr_legacy_food,"Ground turkey, raw",5,2019-04-01,,0.8,80
174471,sr_legacy_food,"Guinea hen meat only, raw",5,2019-04-01,,0.5,90
172416,sr_legacy_food,"Guinea hen with skin, raw",5,2019-04-01,,1,90
174483,sr_legacy_food,"Ostrich fan, raw",5,2019-04-01,,0.6,90
172840,sr_legacy_food,Ostrich inside leg,5,2019-04-01,,0.6,90
172839,sr_legacy_food,"Ostrich inside leg, raw",5,2019-04-01,,0.55,90
172842,sr_legacy_food,Ostrich inside strip,5,2019-04-01,,0.6,90
172841,sr_legacy_food,"Ostrich inside strip, raw",5,2019-04-01,,0.55,90
174484,sr_legacy_food,"Ostrich outside leg, raw",5,2019-04-01,,0.65,90
174486,sr_legacy_food,Ostrich outside strip,5,2019-04-01,,0.6,90
174485,sr_legacy_food,"Ostrich outside strip, raw",5,2019-04-01,,0.55,90
172843,sr_legacy_food,Ostrich oyster,5,2019-04-01,,0.6,100
174487,sr_legacy_food,"Ostrich oyster, raw",5,2019-04-01,,0.55,100
172844,sr_legacy_food,"Ostrich round, raw",5,2019-04-01,,0.6,90
172845,sr_legacy_food,"Ostrich tenderloin, raw",5,2019-04-01,,0.5,90
174488,sr_legacy_food,Ostrich tip trimmed,5,2019-04-01,,0.6,90
172846,sr_legacy_food,"Ostrich tip trimmed, raw",5,2019-04-01,,0.55,90
174490,sr_legacy_food,Ostrich top loin,5,2019-04-01,,0.6,90
174489,sr_legacy_food,"Ostrich top loin, raw",5,2019-04-01,,0.55,90
171100,sr_legacy_food,Pate de foie gras,5,2019-04-01,,0.18,80
171510,sr_legacy_food,Pekin duck breast with skin,5,2019-04-01,,1.3,90
171511,sr_legacy_food,Pekin duck breast without skin,5,2019-04-01,,0.5,90
171112,sr_legacy_food,Pekin duck leg with skin,5,2019-04-01,,1.5,90
171113,sr_legacy_food,Pekin duck leg without skin,5,2019-04-01,,0.7,90
174474,sr_legacy_food,"Pheasant breast, raw",5,2019-04-01,,0.35,90
172417,sr_legacy_food,"Pheasant leg, raw",5,2019-04-01,,0.6,90
174473,sr_legacy_food,"Pheasant meat only, raw",5,2019-04-01,,0.45,90
174472,sr_legacy_food,"Pheasant with skin, raw",5,2019-04-01,,0.9,90
169903,sr_legacy_food,"Pheasant, cooked",5,2019-04-01,,0.45,90
169902,sr_legacy_food,Quail,5,2019-04-01,,0.8,90
172829,sr_legacy_food,"Quail breast, raw",5,2019-04-01,,0.35,90
172419,sr_legacy_food,"Quail meat only, raw",5,2019-04-01,,0.6,100
172418,sr_legacy_food,"Quail with skin, raw",5,2019-04-01,,1.2,100
171122,sr_legacy_food,Rotisserie chicken back,5,2019-04-01,,1.6,80
171124,sr_legacy_food,"Rotisserie chicken back, barbecue",5,2019-04-01,,1.6,70
171517,sr_legacy_food,"Rotisserie chicken back, skinless",5,2019-04-01,,0.8,80
174506,sr_legacy_food,"Rotisserie chicken back, skinless, barbecue",5,2019-04-01,,0.8,70
171123,sr_legacy_food,Rotisserie chicken breast,5,2019-04-01,,0.9,80
171125,sr_legacy_food,"Rotisserie chicken breast, barbecue",5,2019-04-01,,0.9,70
171445,sr_legacy_food,"Rotisserie chicken breast, skinless",5,2019-04-01,,0.4,80
171518,sr_legacy_food,"Rotisserie chicken breast, skinless, barbecue",5,2019-04-01,,0.4,70
171126,sr_legacy_food,Rotisserie chicken drumstick,5,2019-04-01,,1,80
171521,sr_legacy_food,"Rotisserie chicken drumstick, barbecue",5,2019-04-01,,1,70
171114,sr_legacy_food,"Rotisserie chicken drumstick, skinless",5,2019-04-01,,0.45,80
171519,sr_legacy_food,"Rotisserie chicken drumstick, skinless, barbecue",5,2019-04-01,,0.45,70
171520,sr_legacy_food,Rotisserie chicken skin,5,2019-04-01,,10,80
171524,sr_legacy_food,"Rotisserie chicken skin, barbecue",5,2019-04-01,,10,70
171522,sr_legacy_food,Rotisserie chicken thigh,5,2019-04-01,,1.1,80
171127,sr_legacy_food,"Rotisserie chicken thigh, barbecue",5,2019-04-01,,1.1,70
171118,sr_legacy_food,"Rotisserie chicken thigh, skinless",5,2019-04-01,,0.5,80
171120,sr_legacy_food,"Rotisserie chicken thigh, skinless, barbecue",5,2019-04-01,,0.5,70
171523,sr_legacy_food,Rotisserie chicken wing,5,2019-04-01,,0.9,80
172830,sr_legacy_food,"Rotisserie chicken wing, barbecue",5,2019-04-01,,0.9,70
171121,sr_legacy_food,"Rotisserie chicken wing, skinless",5,2019-04-01,,0.35,80
171516,sr_legacy_food,"Rotisserie chicken wing, skinless, barbecue",5,2019-04-01,,0.35,70
172831,sr_legacy_food,"Ruffed grouse breast, raw, skinless",5,2019-04-01,,0.5,100
167713,sr_legacy_food,"Smoked turkey meat, no skin/bone",5,2019-04-01,,0.7,70
168120,sr_legacy_food,"Smoked turkey with skin, no bone",5,2019-04-01,,1,80
171080,sr_legacy_food,"Squab, pigeon, light meat, raw",5,2019-04-01,,0.6,90
174475,sr_legacy_food,"Squab, pigeon, meat and skin, raw",5,2019-04-01,,1.1,90
171079,sr_legacy_food,"Squab, pigeon, meat only, raw",5,2019-04-01,,0.6,90
171092,sr_legacy_food,Turkey back with skin,5,2019-04-01,,1.5,90
171097,sr_legacy_food,"Turkey back, skinless",5,2019-04-01,,1.1,90
171096,sr_legacy_food,"Turkey back, skinless, raw",5,2019-04-01,,1,90
171529,sr_legacy_food,Turkey breast,5,2019-04-01,,1,90
171528,sr_legacy_food,"Turkey breast, raw",5,2019-04-01,,0.9,90
171496,sr_legacy_food,"Turkey breast, skinless",5,2019-04-01,,0.6,90
171098,sr_legacy_food,"Turkey breast, skinless, raw",5,2019-04-01,,0.5,90
171091,sr_legacy_food,Turkey dark meat,5,2019-04-01,,1,90
171090,sr_legacy_food,"Turkey dark meat only, raw",5,2019-04-01,,0.9,90
171489,sr_legacy_food,Turkey dark meat with skin,5,2019-04-01,,1.2,90
171488,sr_legacy_food,"Turkey dark meat with skin, raw",5,2019-04-01,,1.2,90
171135,sr_legacy_food,Turkey drumstick,5,2019-04-01,,1.2,90
171530,sr_legacy_food,Turkey drumstick,5,2019-04-01,,1.2,90
171134,sr_legacy_food,"Turkey drumstick, raw",5,2019-04-01,,1.1,90
172878,sr_legacy_food,"Turkey drumstick, skinless",5,2019-04-01,,0.8,90
172875,sr_legacy_food,"Turkey drumstick, skinless, raw",5,2019-04-01,,0.7,90
167710,sr_legacy_food,"Turkey drumstick, smoked, no bone",5,2019-04-01,,1,70
171084,sr_legacy_food,Turkey giblets,5,2019-04-01,,2.8,100
171083,sr_legacy_food,"Turkey giblets, raw",5,2019-04-01,,2.5,100
171483,sr_legacy_food,"Turkey gizzard, cooked",5,2019-04-01,,3.5,100
171085,sr_legacy_food,"Turkey gizzard, raw",5,2019-04-01,,3.2,100
171485,sr_legacy_food,Turkey heart,5,2019-04-01,,2,100
171484,sr_legacy_food,"Turkey heart, raw",5,2019-04-01,,1.8,100
171499,sr_legacy_food,Turkey hen skin,5,2019-04-01,,3.4,90
171494,sr_legacy_food,Turkey leg with skin,5,2019-04-01,,1.2,90
171493,sr_legacy_food,"Turkey leg with skin, raw",5,2019-04-01,,1.1,90
171491,sr_legacy_food,Turkey light meat,5,2019-04-01,,0.6,90
171089,sr_legacy_food,Turkey light meat with skin,5,2019-04-01,,0.9,90
171088,sr_legacy_food,"Turkey light meat with skin, raw",5,2019-04-01,,0.8,90
171490,sr_legacy_food,"Turkey light meat, raw",5,2019-04-01,,0.6,90
171487,sr_legacy_food,Turkey liver,5,2019-04-01,,0.4,100
171486,sr_legacy_food,"Turkey liver, raw",5,2019-04-01,,0.4,100
171481,sr_legacy_food,Turkey meat only,5,2019-04-01,,0.7,90
171480,sr_legacy_food,"Turkey meat only, raw",5,2019-04-01,,0.6,90
171479,sr_legacy_food,Turkey meat with skin,5,2019-04-01,,1,90
171081,sr_legacy_food,"Turkey meat with skin, raw",5,2019-04-01,,0.9,90
171087,sr_legacy_food,Turkey neck meat only,5,2019-04-01,,2.5,90
171086,sr_legacy_food,"Turkey neck meat only, raw",5,2019-04-01,,2.2,90
174495,sr_legacy_food,"Turkey patties, 85/15",5,2019-04-01,,,80
174492,sr_legacy_food,"Turkey patties, 93/7",5,2019-04-01,,,80
172849,sr_legacy_food,"Turkey patties, fat free",5,2019-04-01,,,70
171082,sr_legacy_food,Turkey skin,5,2019-04-01,,3.5,90
172874,sr_legacy_food,"Turkey skin, dark meat",5,2019-04-01,,3.5,90
172873,sr_legacy_food,"Turkey skin, dark meat, raw",5,2019-04-01,,3,90
171482,sr_legacy_food,"Turkey skin, raw",5,2019-04-01,,3,90
171103,sr_legacy_food,"Turkey sticks, breaded/fried",5,2019-04-01,,0.8,40
171532,sr_legacy_food,Turkey thigh meat only,5,2019-04-01,,0.9,90
171531,sr_legacy_food,"Turkey thigh meat only, raw",5,2019-04-01,,0.8,90
171137,sr_legacy_food,Turkey thigh with skin,5,2019-04-01,,1.3,90
171533,sr_legacy_food,"Turkey thigh with skin, raw",5,2019-04-01,,1.2,90
171498,sr_legacy_food,Turkey wing meat only,5,2019-04-01,,0.9,90
171497,sr_legacy_food,"Turkey wing meat only, raw",5,2019-04-01,,0.8,90
167709,sr_legacy_food,"Turkey wing smoked, no bone",5,2019-04-01,,0.9,70
171133,sr_legacy_food,Turkey wing with skin,5,2019-04-01,,1.5,90
171132,sr_legacy_food,"Turkey wing with skin, raw",5,2019-04-01,,1.4,90
171102,sr_legacy_food,"Turkey, diced, seasoned",5,2019-04-01,,0.8,60
174469,sr_legacy_food,"Wild duck breast, raw",5,2019-04-01,,0.8,100
174468,sr_legacy_food,"Wild duck with skin, raw",5,2019-04-01,,1.6,100
171538,sr_legacy_food,Beef broth,6,2019-04-01,,,80
172883,sr_legacy_food,Beef stock,6,2019-04-01,,2,80
171600,sr_legacy_food,Campbell's chicken gravy,6,2019-04-01,,,30
174548,sr_legacy_food,"Campbell's Chunky, Classic Chicken Noodle Soup",6,2019-04-01,,,30
174552,sr_legacy_food,"Campbell's Chunky, Hearty Beef Barley Soup",6,2019-04-01,,,30
174556,sr_legacy_food,"Campbell's Chunky, New England Clam Chowder",6,2019-04-01,,,30
172912,sr_legacy_food,"Campbell's Chunky, Old Fashioned Vegetable Beef Soup",6,2019-04-01,,,30
174536,sr_legacy_food,Chicken broth,6,2019-04-01,,0.6,80
172884,sr_legacy_food,Chicken stock,6,2019-04-01,,1.2,80
171832,sr_legacy_food,"Dip, bean",6,2019-04-01,,,50
174068,sr_legacy_food,"Dip, queso",6,2019-04-01,,,40
171606,sr_legacy_food,Fish broth,6,2019-04-01,,,80
172885,sr_legacy_food,Fish stock,6,2019-04-01,,0.8,90
171598,sr_legacy_food,Gravy,6,2019-04-01,,,80
171168,sr_legacy_food,"Gravy, au jus, canned",6,2019-04-01,,,50
171566,sr_legacy_food,"Gravy, chicken, canned or bottled",6,2019-04-01,,,50
171170,sr_legacy_food,"Gravy, mushroom, canned",6,2019-04-01,,,50
171568,sr_legacy_food,"Gravy, turkey, canned",6,2019-04-01,,,50
171833,sr_legacy_food,Horseradish,6,2019-04-01,,,90
174527,sr_legacy_food,Hot sauce,6,2019-04-01,,,80
171579,sr_legacy_food,Pesto sauce,6,2019-04-01,,,80
171177,sr_legacy_food,Ramen noodles,6,2019-04-01,,,40
171614,sr_legacy_food,"Ramen noodles, beef",6,2019-04-01,,,40
171615,sr_legacy_food,"Ramen noodles, chicken",6,2019-04-01,,,40
174524,sr_legacy_food,Salsa,6,2019-04-01,,,80
171824,sr_legacy_food,Salsa verde,6,2019-04-01,,,80
174523,sr_legacy_food,"Sauce, barbecue",6,2019-04-01,,,50
171191,sr_legacy_food,"Sauce, cheese",6,2019-04-01,,,50
171605,sr_legacy_food,"Sauce, chili",6,2019-04-01,,,60
174067,sr_legacy_food,"Sauce, cocktail",6,2019-04-01,,,50
171823,sr_legacy_food,"Sauce, duck",6,2019-04-01,,,60
174074,sr_legacy_food,"Sauce, enchilada",6,2019-04-01,,,50
174531,sr_legacy_food,"Sauce, fish",6,2019-04-01,,,80
172886,sr_legacy_food,"Sauce, hoisin",6,2019-04-01,,,50
171604,sr_legacy_food,"Sauce, hot pepper",6,2019-04-01,,,80
174529,sr_legacy_food,"Sauce, oyster",6,2019-04-01,,,50
171192,sr_legacy_food,"Sauce, pasta",6,2019-04-01,,,50
174070,sr_legacy_food,"Sauce, peanut",6,2019-04-01,,,60
172880,sr_legacy_food,"Sauce, pizza",6,2019-04-01,,,50
172879,sr_legacy_food,"Sauce, plum",6,2019-04-01,,,70
171825,sr_legacy_food,"Sauce, steak",6,2019-04-01,,,70
171167,sr_legacy_food,"Sauce, teryaki",6,2019-04-01,,,50
171595,sr_legacy_food,"Sauce, tomato chile",6,2019-04-01,,,60
174542,sr_legacy_food,"Sauce, white",6,2019-04-01,,,60
171610,sr_legacy_food,"Sauce, worcestershire",6,2019-04-01,,,70
171174,sr_legacy_food,Sofrito,6,2019-04-01,,,80
171190,sr_legacy_food,"Soup, beef and vegetables",6,2019-04-01,,,80
172906,sr_legacy_food,"Soup, beef noodle",6,2019-04-01,,,70
171612,sr_legacy_food,"Soup, beef stroganoff",6,2019-04-01,,,70
172903,sr_legacy_food,"Soup, black bean",6,2019-04-01,,,80
171145,sr_legacy_food,"Soup, chicken",6,2019-04-01,,,80
172908,sr_legacy_food,"Soup, chicken gumbo",6,2019-04-01,,,80
171573,sr_legacy_food,"Soup, chicken mushroom",6,2019-04-01,,,80
172909,sr_legacy_food,"Soup, chicken noodle",6,2019-04-01,,,70
171544,sr_legacy_food,"Soup, chicken rice",6,2019-04-01,,,80
171546,sr_legacy_food,"Soup, chicken vegetable",6,2019-04-01,,,80
172910,sr_legacy_food,"Soup, chicken with rice",6,2019-04-01,,,80
174555,sr_legacy_food,"Soup, clam chowder",6,2019-04-01,,,70
174554,sr_legacy_food,"Soup, clam chowder, manhattan",6,2019-04-01,,,70
172891,sr_legacy_food,"Soup, cream of asparagus",6,2019-04-01,,,70
172907,sr_legacy_food,"Soup, cream of celery",6,2019-04-01,,,70
174553,sr_legacy_food,"Soup, cream of chicken",6,2019-04-01,,,70
172915,sr_legacy_food,"Soup, cream of mushroom",6,2019-04-01,,,60
174559,sr_legacy_food,"Soup, cream of onion",6,2019-04-01,,,60
172917,sr_legacy_food,"Soup, cream of potato",6,2019-04-01,,,60
172918,sr_legacy_food,"Soup, cream of shrimp",6,2019-04-01,,,70
174807,sr_legacy_food,"Soup, egg drop",6,2019-04-01,,,70
174808,sr_legacy_food,"Soup, hot and sour",6,2019-04-01,,,70
172913,sr_legacy_food,"Soup, minestrone",6,2019-04-01,,,70
174568,sr_legacy_food,"Soup, onion",6,2019-04-01,,,70
174560,sr_legacy_food,"Soup, oyster stew",6,2019-04-01,,,80
174561,sr_legacy_food,"Soup, pea, green",6,2019-04-01,,,70
172916,sr_legacy_food,"Soup, pea, split with ham",6,2019-04-01,,,70
174532,sr_legacy_food,"Soup, shark fin",6,2019-04-01,,,70
171176,sr_legacy_food,"Soup, tomato",6,2019-04-01,,,70
172919,sr_legacy_food,"Soup, tomato beef with noodle",6,2019-04-01,,,60
171574,sr_legacy_food,"Soup, tomato bisque",6,2019-04-01,,,60
171558,sr_legacy_food,"Soup, turkey",6,2019-04-01,,,70
174562,sr_legacy_food,"Soup, turkey noodle",6,2019-04-01,,,60
174563,sr_legacy_food,"Soup, turkey vegetable",6,2019-04-01,,,70
174564,sr_legacy_food,"Soup, vegetable",6,2019-04-01,,,70
171821,sr_legacy_food,"Soup, wonton",6,2019-04-01,,,60
171186,sr_legacy_food,Sriracha,6,2019-04-01,,,50
174066,sr_legacy_food,Sweet and sour sauce,6,2019-04-01,,,40
174543,sr_legacy_food,Sweet and sour sauce,6,2019-04-01,,,40
174528,sr_legacy_food,Tabasco sauce,6,2019-04-01,,,80
171826,sr_legacy_food,Tartar sauce,6,2019-04-01,,,50
172890,sr_legacy_food,"Teriyaki sauce, reduced sodium",6,2019-04-01,,,40
172881,sr_legacy_food,Tomato bisque,6,2019-04-01,,,50
171583,sr_legacy_food,Vegetable broth,6,2019-04-01,,,80
171831,sr_legacy_food,Wasabi,6,2019-04-01,,,90
174602,sr_legacy_food,Bacon beef sticks,7,2019-04-01,,3.5,40
171616,sr_legacy_food,"Beerwurst, pork",7,2019-04-01,,2.4,40
172961,sr_legacy_food,"Beerwurst, pork and beef",7,2019-04-01,,2.6,40
171617,sr_legacy_food,"Berliner sausage, pork/beef",7,2019-04-01,,2.6,40
171619,sr_legacy_food,"Bockwurst, pork and veal",7,2019-04-01,,2.3,40
172012,sr_legacy_food,"Bologna, beef",7,2019-04-01,,2.2,40
172013,sr_legacy_food,"Bologna, beef and pork",7,2019-04-01,,2.4,40
173873,sr_legacy_food,"Bologna, chicken and pork",7,2019-04-01,,2.1,40
173868,sr_legacy_food,"Bologna, Lebanon beef",7,2019-04-01,,2.3,40
171637,sr_legacy_food,"Bologna, mixed",7,2019-04-01,,2.3,40
173856,sr_legacy_food,"Bologna, pork",7,2019-04-01,,2.5,40
173857,sr_legacy_food,"Bologna, turkey",7,2019-04-01,,2,40
172957,sr_legacy_food,"Bratwurst, chicken",7,2019-04-01,,2,40
171620,sr_legacy_food,"Bratwurst, pork",7,2019-04-01,,2.5,40
171622,sr_legacy_food,"Bratwurst, pork and beef",7,2019-04-01,,2.5,40
172956,sr_legacy_food,"Bratwurst, smoked beef and pork",7,2019-04-01,,2.6,40
174595,sr_legacy_food,"Bratwurst, veal",7,2019-04-01,,2.2,40
174616,sr_legacy_food,"Breakfast sausage, beef",7,2019-04-01,,2.4,40
174600,sr_legacy_food,"Breakfast sausage, mild turkey, raw",7,2019-04-01,,2.1,40
170202,sr_legacy_food,Canned jellied beef,7,2019-04-01,,3,30
171623,sr_legacy_food,"Cheese smokie, pork and beef",7,2019-04-01,,2.8,40
174608,sr_legacy_food,"Chicken breast roll, oven-roasted",7,2019-04-01,,,70
173858,sr_legacy_food,Chicken spread,7,2019-04-01,,,40
173859,sr_legacy_food,"Chorizo, pork. raw",7,2019-04-01,,2.7,80
170604,sr_legacy_food,Dried beef,7,2019-04-01,,2.2,80
171627,sr_legacy_food,"Ham, chopped",7,2019-04-01,,2,50
174611,sr_legacy_food,"Ham, honey smoked",7,2019-04-01,,2,50
173865,sr_legacy_food,"Ham, minced",7,2019-04-01,,2.1,50
173864,sr_legacy_food,"Ham, sliced",7,2019-04-01,,1.8,50
173863,sr_legacy_food,"Ham, sliced, low-fat",7,2019-04-01,,1.5,40
174614,sr_legacy_food,Hot dog,7,2019-04-01,,2.5,40
173875,sr_legacy_food,"Hot dog, beef and poultry",7,2019-04-01,,2.2,40
171633,sr_legacy_food,"Hot dog, beef and poultry, boiled",7,2019-04-01,,2.1,40
171634,sr_legacy_food,"Hot dog, beef and poultry, grilled",7,2019-04-01,,2.2,40
173862,sr_legacy_food,"Hot dog, beef, unheated",7,2019-04-01,,2.6,40
171624,sr_legacy_food,"Hot dog, chicken",7,2019-04-01,,1.9,40
172964,sr_legacy_food,"Hot dog, pork",7,2019-04-01,,2.4,40
171625,sr_legacy_food,"Hot dog, turkey",7,2019-04-01,,1.8,40
173879,sr_legacy_food,Kielbasa,7,2019-04-01,,2.7,50
173877,sr_legacy_food,"Kielbasa, grilled",7,2019-04-01,,2.8,50
173878,sr_legacy_food,"Kielbasa, pan-fried",7,2019-04-01,,2.8,50
174607,sr_legacy_food,"Kielbasa, smoked turkey and beef",7,2019-04-01,,2.4,40
173867,sr_legacy_food,"Knackwurst, pork and beef",7,2019-04-01,,2.5,50
171638,sr_legacy_food,"Meatballs, Italian, frozen",7,2019-04-01,,2.6,30
174573,sr_legacy_food,"Mortadella, beef and pork",7,2019-04-01,,2.5,50
174588,sr_legacy_food,"New England sausage, pork and beef",7,2019-04-01,,2.5,50
170204,sr_legacy_food,Pastrami,7,2019-04-01,,2.8,60
172959,sr_legacy_food,"Pastrami, beef",7,2019-04-01,,2.5,60
172927,sr_legacy_food,"Pastrami, turkey",7,2019-04-01,,1.9,60
172928,sr_legacy_food,"Pâté, chicken liver, canned",7,2019-04-01,,1.8,70
172930,sr_legacy_food,"Pâté, liver, canned",7,2019-04-01,,1.9,70
172929,sr_legacy_food,"Pâté, smoked goose liver, canned",7,2019-04-01,,2,70
172967,sr_legacy_food,"Pâté, truffle",7,2019-04-01,,1.8,60
174575,sr_legacy_food,"Pepperoni, sliced",7,2019-04-01,,2.8,50
172954,sr_legacy_food,"Polish sausage, smoked pork and beef",7,2019-04-01,,2.6,50
171621,sr_legacy_food,"Pork braunschweiger, liver sausage",7,2019-04-01,,2,70
171630,sr_legacy_food,Pork headcheese,7,2019-04-01,,4,60
173869,sr_legacy_food,Pork liver cheese,7,2019-04-01,,2.1,60
173870,sr_legacy_food,Pork liverwurst,7,2019-04-01,,2,70
172969,sr_legacy_food,Pork scrapple,7,2019-04-01,,2.8,50
174570,sr_legacy_food,"Roast beef, deli, sliced",7,2019-04-01,,1.7,60
174613,sr_legacy_food,"Rotisserie white turkey, deli sliced",7,2019-04-01,,1.3,60
172935,sr_legacy_food,"Salami, beef",7,2019-04-01,,2.5,50
172936,sr_legacy_food,"Salami, beef and pork",7,2019-04-01,,2.6,50
174603,sr_legacy_food,"Salami, Italian pork",7,2019-04-01,,2.8,50
174582,sr_legacy_food,"Salami, pork and beef, dry",7,2019-04-01,,3,50
172938,sr_legacy_food,"Salami, pork, dry",7,2019-04-01,,2.9,50
172937,sr_legacy_food,"Salami, turkey",7,2019-04-01,,2,50
173876,sr_legacy_food,Sausage,7,2019-04-01,,2.5,60
167698,sr_legacy_food,"Sausage rice links, pork",7,2019-04-01,,2.5,40
174618,sr_legacy_food,"Sausage, beef",7,2019-04-01,,2.6,60
171618,sr_legacy_food,"Sausage, blood",7,2019-04-01,,2.1,100
174586,sr_legacy_food,"Sausage, mild Italian pork",7,2019-04-01,,2.5,80
171631,sr_legacy_food,"Sausage, mild Italian pork, raw",7,2019-04-01,,2.6,80
174579,sr_legacy_food,"Sausage, pork and beef",7,2019-04-01,,2.5,80
171632,sr_legacy_food,"Sausage, pork and turkey",7,2019-04-01,,2.3,80
174577,sr_legacy_food,"Sausage, pork Polish",7,2019-04-01,,2.6,80
172971,sr_legacy_food,"Sausage, pork, microwaved",7,2019-04-01,,2.6,80
174578,sr_legacy_food,"Sausage, pork, pan-fried",7,2019-04-01,,2.7,80
170606,sr_legacy_food,"Sausage, smoked cured beef",7,2019-04-01,,2.6,70
174604,sr_legacy_food,"Sausage, smoked Italian turkey",7,2019-04-01,,2.1,70
174584,sr_legacy_food,"Sausage, smoked pork",7,2019-04-01,,2.6,70
174585,sr_legacy_food,"Sausage, smoked pork and beef",7,2019-04-01,,2.7,70
174606,sr_legacy_food,"Sausage, smoked spicy turkey",7,2019-04-01,,2.2,70
172952,sr_legacy_food,"Sausage, sweet Italian",7,2019-04-01,,2.5,80
173871,sr_legacy_food,"Sausage, turkey",7,2019-04-01,,2.1,80
167694,sr_legacy_food,"Sausage, turkey and pork",7,2019-04-01,,2.3,80
174617,sr_legacy_food,"Sausage, turkey, raw",7,2019-04-01,,2.2,80
173874,sr_legacy_food,Sliced chicken breast,7,2019-04-01,,1.3,90
172962,sr_legacy_food,"Sliced chicken breast, fat-free",7,2019-04-01,,1,90
172963,sr_legacy_food,"Sliced chicken breast, oven-roasted, fat-free",7,2019-04-01,,,90
172941,sr_legacy_food,"Sliced turkey breast, deli",7,2019-04-01,,1.2,50
170607,sr_legacy_food,Smoked cured beef,7,2019-04-01,,2.6,70
172953,sr_legacy_food,"Spicy Polish sausage, beef/chicken",7,2019-04-01,,2.3,70
174601,sr_legacy_food,"Swisswurst, smoked pork, beef and cheese",7,2019-04-01,,2.7,70
172940,sr_legacy_food,"Thuringer summer sausage, beef/pork",7,2019-04-01,,2.8,70
171639,sr_legacy_food,Turkey bacon,7,2019-04-01,,2.5,40
174592,sr_legacy_food,"Turkey bacon, uncooked",7,2019-04-01,,2.8,40
174572,sr_legacy_food,"Turkey breast, deli",7,2019-04-01,,1.2,40
168092,sr_legacy_food,"Turkey ham, extra lean, sliced",7,2019-04-01,,1.3,40
172942,sr_legacy_food,"Vienna sausage, chicken/beef/pork, canned",7,2019-04-01,,2.3,20
169075,sr_legacy_food,Alpen cereal,8,2019-04-01,,,50
171641,sr_legacy_food,Alpha-Bits cereal,8,2019-04-01,,,50
169870,sr_legacy_food,Banana Nut Crunch cereal,8,2019-04-01,,,50
173018,sr_legacy_food,"Barbara's Puffins cereal, original",8,2019-04-01,,,60
172982,sr_legacy_food,Berry Colossal Crunch cereal,8,2019-04-01,,,50
171678,sr_legacy_food,Blueberry Mini Spooners cereal,8,2019-04-01,,,50
172997,sr_legacy_food,Blueberry Muffin Tops cereal,8,2019-04-01,,,50
173888,sr_legacy_food,Cereal,8,2019-04-01,,,50
174664,sr_legacy_food,Chocolate Marshmallow Mateys cereal,8,2019-04-01,,,50
174646,sr_legacy_food,Cinnamon Toasters cereal,8,2019-04-01,,,50
174619,sr_legacy_food,Coco-Roos cereal,8,2019-04-01,,,50
174647,sr_legacy_food,Cocoa Dyno-Bites cereal,8,2019-04-01,,,50
174631,sr_legacy_food,Colossal Crunch cereal,8,2019-04-01,,,50
173895,sr_legacy_food,Corn Bursts cereal,8,2019-04-01,,,50
173005,sr_legacy_food,Cranberry Almond Crunch cereal,8,2019-04-01,,,50
173914,sr_legacy_food,Cream of Rice,8,2019-04-01,,,60
173900,sr_legacy_food,"Cream of Rice, dry",8,2019-04-01,,,60
171657,sr_legacy_food,Cream of Wheat,8,2019-04-01,,,60
171660,sr_legacy_food,"Cream of Wheat, dry",8,2019-04-01,,,60
173902,sr_legacy_food,"Cream of Wheat, prepared with water, without salt",8,2019-04-01,,,60
172983,sr_legacy_food,Crispy Rice cereal,8,2019-04-01,,,50
173917,sr_legacy_food,Farina,8,2019-04-01,,,70
173916,sr_legacy_food,"Farina, dry",8,2019-04-01,,,70
172990,sr_legacy_food,Frosted Flakes cereal,8,2019-04-01,,,50
173000,sr_legacy_food,Frosted Mini Spooners cereal,8,2019-04-01,,,50
173001,sr_legacy_food,Fruity Dyno-Bites cereal,8,2019-04-01,,,50
173884,sr_legacy_food,"General Mills, Cheerios",8,2019-04-01,,,50
171652,sr_legacy_food,Golden Crisp cereal,8,2019-04-01,,,50
174643,sr_legacy_food,Golden Puffs cereal,8,2019-04-01,,,50
171646,sr_legacy_food,Granola,8,2019-04-01,,,60
171647,sr_legacy_food,Grape-Nuts cereal,8,2019-04-01,,,50
171648,sr_legacy_food,Grape-Nuts Flakes cereal,8,2019-04-01,,,50
171655,sr_legacy_food,Grits,8,2019-04-01,,,70
171671,sr_legacy_food,"Grits, white",8,2019-04-01,,,70
173020,sr_legacy_food,Honey Bunches of Oats with cinnamon bunches cereal,8,2019-04-01,,,50
174663,sr_legacy_food,"Honey Bunches of Oats, pecan bunches",8,2019-04-01,,,50
173015,sr_legacy_food,"Honey Bunches of Oats, vanilla bunches",8,2019-04-01,,,50
173019,sr_legacy_food,"Honey Bunches of Oats, with strawberries",8,2019-04-01,,,50
174642,sr_legacy_food,Honey Buzzers cereal,8,2019-04-01,,,50
172995,sr_legacy_food,Honey Graham Squares cereal,8,2019-04-01,,,50
171681,sr_legacy_food,Honey Nut Scooters cereal,8,2019-04-01,,,50
174644,sr_legacy_food,Honey Nut Toasty O'S cereal,8,2019-04-01,,,50
171677,sr_legacy_food,"Hot cereal, whole wheat, cooked",8,2019-04-01,,,70
171667,sr_legacy_food,"Hot cereal, whole wheat, uncooked",8,2019-04-01,,,80
173909,sr_legacy_food,Marshmallow Mateys cereal,8,2019-04-01,,,50
171680,sr_legacy_food,Oat Blenders with honey & almonds cereal,8,2019-04-01,,,50
171679,sr_legacy_food,Oat Blenders with honey cereal,8,2019-04-01,,,60
167725,sr_legacy_food,"Oat Bran Flakes, Health Valley cereal",8,2019-04-01,,,60
173905,sr_legacy_food,Oatmeal,8,2019-04-01,,,70
173904,sr_legacy_food,"Oats, dry",8,2019-04-01,,,70
171661,sr_legacy_food,"Oats, instant",8,2019-04-01,,,70
173017,sr_legacy_food,Organic Flax Plus Flakes cereal,8,2019-04-01,,,50
174654,sr_legacy_food,Organic Flax Plus Pumpkin Granola,8,2019-04-01,,,60
173919,sr_legacy_food,"Post Selects, Blueberry Morning",8,2019-04-01,,,50
174653,sr_legacy_food,"Post Selects, Maple Pecan Crunch",8,2019-04-01,,,50
173885,sr_legacy_food,"Post, Cocoa Pebbles",8,2019-04-01,,,30
171645,sr_legacy_food,"Post, Fruity Pebbles",8,2019-04-01,,,30
168138,sr_legacy_food,"Post, Honey Bunches of Oats, Honey Roasted",8,2019-04-01,,,50
169859,sr_legacy_food,"Post, Honey Bunches of Oats, With Almonds",8,2019-04-01,,,50
173894,sr_legacy_food,"Post, Honey Nut Shredded Wheat",8,2019-04-01,,,50
173889,sr_legacy_food,"Post, Honeycomb Cereal",8,2019-04-01,,,30
171650,sr_legacy_food,"Post, Raisin Bran",8,2019-04-01,,,50
167715,sr_legacy_food,"Post, Shredded Wheat n’ Bran",8,2019-04-01,,,50
173918,sr_legacy_food,"Post, Shredded Wheat, Lightly Frosted",8,2019-04-01,,,50
167724,sr_legacy_food,Puffed Millet,8,2019-04-01,,,70
173912,sr_legacy_food,Puffed Rice Cereal,8,2019-04-01,,,50
173913,sr_legacy_food,Puffed Wheat Cereal,8,2019-04-01,,,70
172972,sr_legacy_food,"Quaker MultiGrain Oatmeal, dry",8,2019-04-01,,,70
172979,sr_legacy_food,"Quaker MultiGrain Oatmeal, prepared with water, no salt",8,2019-04-01,,,70
172980,sr_legacy_food,"Quaker MultiGrain Oatmeal, prepared with water, salt",8,2019-04-01,,,70
171642,sr_legacy_food,"Quaker, Cap’n Crunch",8,2019-04-01,,,30
174657,sr_legacy_food,"Quaker, Cap’n Crunch’s Halloween Crunch",8,2019-04-01,,,30
173898,sr_legacy_food,"Quaker, corn grits, instant, cheddar cheese flavor, dry",8,2019-04-01,,,40
173897,sr_legacy_food,"Quaker, corn grits, instant, plain",8,2019-04-01,,,70
171656,sr_legacy_food,"Quaker, corn grits, instant, plain, dry",8,2019-04-01,,,70
173886,sr_legacy_food,"Quaker, Crunchy Bran cereal",8,2019-04-01,,,50
174629,sr_legacy_food,"Quaker, hominy grits, white, quick, dry",8,2019-04-01,,,70
174630,sr_legacy_food,"Quaker, hominy grits, white, regular, dry",8,2019-04-01,,,70
173007,sr_legacy_food,"Quaker, Honey Graham Life cereal",8,2019-04-01,,,50
172993,sr_legacy_food,"Quaker, Instant Grits Product with American Cheese Flavor, dry",8,2019-04-01,,,40
172977,sr_legacy_food,"Quaker, Instant Grits, Butter flavor, dry",8,2019-04-01,,,40
173899,sr_legacy_food,"Quaker, Instant Grits, Country Bacon flavor, dry",8,2019-04-01,,,40
172994,sr_legacy_food,"Quaker, Instant Grits, Ham 'n' Cheese flavor, dry",8,2019-04-01,,,40
172992,sr_legacy_food,"Quaker, Instant Grits, Redeye Gravy & Country Ham flavor, dry",8,2019-04-01,,,40
174660,sr_legacy_food,"Quaker, Instant Oatmeal Organic, Regular",8,2019-04-01,,,70
174662,sr_legacy_food,"Quaker, Instant Oatmeal, Apple and Cinnamon, reduced sugar",8,2019-04-01,,,60
171663,sr_legacy_food,"Quaker, Instant Oatmeal, apples and cinnamon, dry",8,2019-04-01,,,60
174638,sr_legacy_food,"Quaker, Instant Oatmeal, Banana Bread, dry",8,2019-04-01,,,60
173016,sr_legacy_food,"Quaker, Instant Oatmeal, Cinnamon Spice, reduced sugar",8,2019-04-01,,,60
171682,sr_legacy_food,"Quaker, Instant Oatmeal, Cinnamon Swirl, high fiber",8,2019-04-01,,,60
174636,sr_legacy_food,"Quaker, Instant Oatmeal, Cinnamon-Spice, dry",8,2019-04-01,,,60
174624,sr_legacy_food,"Quaker, Instant Oatmeal, fruit and cream variety, dry",8,2019-04-01,,,60
174661,sr_legacy_food,"Quaker, Instant Oatmeal, fruit and cream, variety of flavors, reduced sugar",8,2019-04-01,,,60
173907,sr_legacy_food,"Quaker, Instant Oatmeal, maple and brown sugar, dry",8,2019-04-01,,,60
172991,sr_legacy_food,"Quaker, Instant Oatmeal, Raisin and Spice, dry",8,2019-04-01,,,60
174625,sr_legacy_food,"Quaker, Instant Oatmeal, raisins, dates and walnuts, dry",8,2019-04-01,,,60
174659,sr_legacy_food,"Quaker, Maple Brown Sugar LIFE",8,2019-04-01,,,50
173891,sr_legacy_food,"Quaker, Oat Life cereal",8,2019-04-01,,,60
171651,sr_legacy_food,"Quaker, Puffed Rice cereal",8,2019-04-01,,,50
171669,sr_legacy_food,"Quaker, Puffed Wheat cereal",8,2019-04-01,,,50
174620,sr_legacy_food,"Quaker, Quaker Oat Cinnamon Life cereal",8,2019-04-01,,,50
172989,sr_legacy_food,"Quaker, Quick Oats, Dry",8,2019-04-01,,,70
172987,sr_legacy_food,"Quaker, Shredded Wheat cereal",8,2019-04-01,,,60
171649,sr_legacy_food,"Quaker, Sweet Crunch/Quisps",8,2019-04-01,,,40
172974,sr_legacy_food,"Quaker, Toasted Multigrain Crisps cereal",8,2019-04-01,,,50
174641,sr_legacy_food,"Quaker, Whole Wheat Natural Cereal, dry",8,2019-04-01,,,60
172996,sr_legacy_food,Raisin Bran Cereal,8,2019-04-01,,,50
173910,sr_legacy_food,"Shredded Wheat, original big biscuit cereal",8,2019-04-01,,,70
173911,sr_legacy_food,"Shredded Wheat, original spoon-size cereal",8,2019-04-01,,,70
173927,sr_legacy_food,Sweetened Wheat-Fuls cereal,8,2019-04-01,,,40
173896,sr_legacy_food,Toasted Wheat Germ,8,2019-04-01,,,80
172984,sr_legacy_food,Tootie Fruities cereal,8,2019-04-01,,,30
174628,sr_legacy_food,Waffle Crisp cereal,8,2019-04-01,,,30
169040,sr_legacy_food,Weetabix whole grain cereal,8,2019-04-01,,,70
169077,sr_legacy_food,Wheat and Bran Cereal,8,2019-04-01,,,60
171668,sr_legacy_food,Whole Wheat Hot Cereal,8,2019-04-01,,,80
167782,sr_legacy_food,Abiyuch,9,2019-04-01,,,0
171686,sr_legacy_food,Acerola,9,2019-04-01,,,90
171688,sr_legacy_food,Apple,9,2019-04-01,,,90
173928,sr_legacy_food,"Apple, boiled, peeled",9,2019-04-01,,,90
171725,sr_legacy_food,"Apple, custard",9,2019-04-01,,,50
167793,sr_legacy_food,"Apple, fuji",9,2019-04-01,,,90
168204,sr_legacy_food,"Apple, gala",9,2019-04-01,,,90
168202,sr_legacy_food,"Apple, golden delicious",9,2019-04-01,,,90
168203,sr_legacy_food,"Apple, granny smith",9,2019-04-01,,,90
171689,sr_legacy_food,"Apple, peeled",9,2019-04-01,,,90
168201,sr_legacy_food,"Apple, red delicious",9,2019-04-01,,,90
173931,sr_legacy_food,"Apples, dehydrated",9,2019-04-01,,,80
171691,sr_legacy_food,"Apples, dried",9,2019-04-01,,,80
171690,sr_legacy_food,"Apples, stewed, dehydrated",9,2019-04-01,,,70
171692,sr_legacy_food,"Apples, stewed, dried",9,2019-04-01,,,70
171695,sr_legacy_food,"Applesauce, unsweetened",9,2019-04-01,,,80
171697,sr_legacy_food,Apricot,9,2019-04-01,,,90
173937,sr_legacy_food,"Apricots, canned",9,2019-04-01,,,70
171702,sr_legacy_food,"Apricots, dehydrated",9,2019-04-01,,,80
173941,sr_legacy_food,"Apricots, dried",9,2019-04-01,,,80
173940,sr_legacy_food,"Apricots, stewed, dehydrated",9,2019-04-01,,,70
173942,sr_legacy_food,"Apricots, stewed, dried",9,2019-04-01,,,70
171705,sr_legacy_food,Avocado,9,2019-04-01,,,90
173944,sr_legacy_food,Banana,9,2019-04-01,,,90
173946,sr_legacy_food,Blackberries,9,2019-04-01,,,90
171709,sr_legacy_food,"Blackberries, canned",9,2019-04-01,,,70
171710,sr_legacy_food,"Blackberries, frozen",9,2019-04-01,,,80
171711,sr_legacy_food,Blueberries,9,2019-04-01,,,90
168179,sr_legacy_food,"Blueberries, canned",9,2019-04-01,,,70
173950,sr_legacy_food,"Blueberries, frozen",9,2019-04-01,,,90
173949,sr_legacy_food,"Blueberries, wild",9,2019-04-01,,,90
171713,sr_legacy_food,Boysenberries,9,2019-04-01,,,90
171712,sr_legacy_food,"Boysenberries, canned",9,2019-04-01,,,70
171714,sr_legacy_food,Breadfruit,9,2019-04-01,,,90
169092,sr_legacy_food,Cantaloupe,9,2019-04-01,,,90
173953,sr_legacy_food,Cherimoya,9,2019-04-01,,,90
171719,sr_legacy_food,Cherries,9,2019-04-01,,,90
173954,sr_legacy_food,"Cherries, sour",9,2019-04-01,,,90
171718,sr_legacy_food,"Cherries, sour, frozen",9,2019-04-01,,,90
173955,sr_legacy_food,"Cherries, sour, red, canned",9,2019-04-01,,,70
173958,sr_legacy_food,"Cherries, sweet, canned",9,2019-04-01,,,70
168195,sr_legacy_food,Clementines,9,2019-04-01,,,90
171721,sr_legacy_food,Crabapples,9,2019-04-01,,,90
171722,sr_legacy_food,Cranberries,9,2019-04-01,,,90
173963,sr_legacy_food,"Currants, black",9,2019-04-01,,,90
173964,sr_legacy_food,"Currants, red or white",9,2019-04-01,,,90
171724,sr_legacy_food,"Currants, zante",9,2019-04-01,,,80
168191,sr_legacy_food,Dates,9,2019-04-01,,,90
171726,sr_legacy_food,"Dates, deglet noor",9,2019-04-01,,,90
168192,sr_legacy_food,Durian,9,2019-04-01,,,90
168168,sr_legacy_food,"Ehubarb, frozen",9,2019-04-01,,,90
171727,sr_legacy_food,Elderberries,9,2019-04-01,,,90
168176,sr_legacy_food,Feijoa,9,2019-04-01,,,90
173021,sr_legacy_food,Figs,9,2019-04-01,,,90
173022,sr_legacy_food,"Figs, canned",9,2019-04-01,,,50
174665,sr_legacy_food,"Figs, dried",9,2019-04-01,,,80
174666,sr_legacy_food,"Figs, stewed, dried",9,2019-04-01,,,70
173032,sr_legacy_food,"Goji berries, dried",9,2019-04-01,,,80
173030,sr_legacy_food,Gooseberries,9,2019-04-01,,,90
173033,sr_legacy_food,Grapefruit,9,2019-04-01,,,90
174673,sr_legacy_food,"Grapefruit, pink",9,2019-04-01,,,90
174676,sr_legacy_food,"Grapefruit, white",9,2019-04-01,,,90
174683,sr_legacy_food,Grapes,9,2019-04-01,,,90
174682,sr_legacy_food,"Grapes, American",9,2019-04-01,,,90
173040,sr_legacy_food,"Grapes, muscadine",9,2019-04-01,,,90
173043,sr_legacy_food,Groundcherries,9,2019-04-01,,,90
173044,sr_legacy_food,Guava,9,2019-04-01,,,90
173045,sr_legacy_food,"Guava, strawberry",9,2019-04-01,,,90
174687,sr_legacy_food,Jackfruit,9,2019-04-01,,,90
168150,sr_legacy_food,Java plum,9,2019-04-01,,,90
171687,sr_legacy_food,"Juice, acerola",9,2019-04-01,,,60
173933,sr_legacy_food,"Juice, apple",9,2019-04-01,,,60
173947,sr_legacy_food,"Juice, blackberry",9,2019-04-01,,,60
168117,sr_legacy_food,"Juice, cranberry",9,2019-04-01,,,60
173042,sr_legacy_food,"Juice, grape",9,2019-04-01,,,60
168156,sr_legacy_food,"Juice, lime",9,2019-04-01,,,60
169098,sr_legacy_food,"Juice, orange",9,2019-04-01,,,60
169104,sr_legacy_food,"Juice, orange grapefruit",9,2019-04-01,,,60
167792,sr_legacy_food,"Juice, orange pineapple",9,2019-04-01,,,60
169947,sr_legacy_food,"Juice, pineapple",9,2019-04-01,,,40
167774,sr_legacy_food,"Juice, pink grapefruit",9,2019-04-01,,,40
167787,sr_legacy_food,"Juice, pomegranate",9,2019-04-01,,,40
167753,sr_legacy_food,"Juice, prune",9,2019-04-01,,,40
169109,sr_legacy_food,"Juice, purple passion fruit",9,2019-04-01,,,40
169925,sr_legacy_food,"Juice, tangerine",9,2019-04-01,,,40
167807,sr_legacy_food,"Juice, tart cherry",9,2019-04-01,,,40
173039,sr_legacy_food,"Juice, white grapefruit",9,2019-04-01,,,40
169110,sr_legacy_food,"Juice, yellow passion fruit",9,2019-04-01,,,40
168151,sr_legacy_food,Jujube,9,2019-04-01,,,90
168152,sr_legacy_food,"Jujube, dried",9,2019-04-01,,,80
168153,sr_legacy_food,"Kiwi, green",9,2019-04-01,,,90
168211,sr_legacy_food,"Kiwi, SunGold",9,2019-04-01,,,90
168154,sr_legacy_food,Kumquats,9,2019-04-01,,,90
167746,sr_legacy_food,Lemon,9,2019-04-01,,,90
167747,sr_legacy_food,Lemon juice,9,2019-04-01,,,40
167749,sr_legacy_food,Lemon peel,9,2019-04-01,,,80
168155,sr_legacy_food,Lime,9,2019-04-01,,,90
168157,sr_legacy_food,Lime juice,9,2019-04-01,,,40
169086,sr_legacy_food,Litchis,9,2019-04-01,,,90
169087,sr_legacy_food,"Litchis, dried",9,2019-04-01,,,80
169088,sr_legacy_food,Loganberries,9,2019-04-01,,,90
169089,sr_legacy_food,Longans,9,2019-04-01,,,90
169907,sr_legacy_food,"Longans, dried",9,2019-04-01,,,80
169908,sr_legacy_food,Loquats,9,2019-04-01,,,90
167790,sr_legacy_food,"Lulo pulp, frozen",9,2019-04-01,,,90
169909,sr_legacy_food,Mamey,9,2019-04-01,,,90
167760,sr_legacy_food,Mamey sapote,9,2019-04-01,,,90
169106,sr_legacy_food,"Mandarin oranges, canned",9,2019-04-01,,,50
169910,sr_legacy_food,Mango,9,2019-04-01,,,90
167766,sr_legacy_food,Maraschino cherries,9,2019-04-01,,,30
169093,sr_legacy_food,"Melon, casaba",9,2019-04-01,,,90
169911,sr_legacy_food,"Melon, honeydew",9,2019-04-01,,,90
167791,sr_legacy_food,"Melon, horned",9,2019-04-01,,,90
169913,sr_legacy_food,Mulberries,9,2019-04-01,,,90
167789,sr_legacy_food,"Nance, frozen",9,2019-04-01,,,90
171704,sr_legacy_food,"Nectar, apricot",9,2019-04-01,,,40
167785,sr_legacy_food,"Nectar, mango",9,2019-04-01,,,40
169107,sr_legacy_food,"Nectar, papaya",9,2019-04-01,,,40
169940,sr_legacy_food,"Nectar, peach",9,2019-04-01,,,40
167786,sr_legacy_food,"Nectar, tamarind",9,2019-04-01,,,40
169914,sr_legacy_food,Nectarines,9,2019-04-01,,,90
169915,sr_legacy_food,Oheloberries,9,2019-04-01,,,90
169094,sr_legacy_food,Olives,9,2019-04-01,,,80
169096,sr_legacy_food,"Olives, green",9,2019-04-01,,,80
169097,sr_legacy_food,Orange,9,2019-04-01,,,90
169918,sr_legacy_food,"Orange, Florida",9,2019-04-01,,,90
169917,sr_legacy_food,"Orange, navel",9,2019-04-01,,,90
169103,sr_legacy_food,"Orange, peel",9,2019-04-01,,,90
169916,sr_legacy_food,"Orange, Valencia",9,2019-04-01,,,90
169919,sr_legacy_food,"Orange, whole",9,2019-04-01,,,90
169926,sr_legacy_food,Papaya,9,2019-04-01,,,90
169108,sr_legacy_food,"Passion fruit, purple",9,2019-04-01,,,90
168185,sr_legacy_food,"Peach nectar, canned",9,2019-04-01,,,50
169928,sr_legacy_food,Peaches,9,2019-04-01,,,90
169932,sr_legacy_food,"Peaches, dehydrated",9,2019-04-01,,,80
169933,sr_legacy_food,"Peaches, stewed, dehydrated",9,2019-04-01,,,70
169935,sr_legacy_food,"Peaches, stewed, dried",9,2019-04-01,,,70
169934,sr_legacy_food,Peaches. dried,9,2019-04-01,,,80
169118,sr_legacy_food,Pear,9,2019-04-01,,,90
168186,sr_legacy_food,"Pear nectar, canned",9,2019-04-01,,,50
168177,sr_legacy_food,"Pear, Asian",9,2019-04-01,,,90
167778,sr_legacy_food,"Pear, bosc",9,2019-04-01,,,90
169121,sr_legacy_food,"Pear, dried",9,2019-04-01,,,80
167779,sr_legacy_food,"Pear, green anjou",9,2019-04-01,,,90
167750,sr_legacy_food,"Pear, prickly",9,2019-04-01,,,90
167777,sr_legacy_food,"Pear, red anjou",9,2019-04-01,,,90
167776,sr_legacy_food,"Pears, bartlett",9,2019-04-01,,,90
169119,sr_legacy_food,"Pears, canned",9,2019-04-01,,,50
169122,sr_legacy_food,"Pears, stewed, dried",9,2019-04-01,,,70
169943,sr_legacy_food,Persimmon,9,2019-04-01,,,90
169941,sr_legacy_food,"Persimmon, japanese",9,2019-04-01,,,90
169942,sr_legacy_food,"Persimmon, japanese, dried",9,2019-04-01,,,80
169124,sr_legacy_food,Pineapple,9,2019-04-01,,,90
169125,sr_legacy_food,"Pineapple, canned",9,2019-04-01,,,50
168194,sr_legacy_food,"Pineapple, extra sweet",9,2019-04-01,,,90
168193,sr_legacy_food,"Pineapple, traditional",9,2019-04-01,,,90
169129,sr_legacy_food,Pitanga,9,2019-04-01,,,90
169131,sr_legacy_food,Plantain,9,2019-04-01,,,90
168215,sr_legacy_food,"Plantain, green",9,2019-04-01,,,90
168216,sr_legacy_food,"Plantain, green, boiled",9,2019-04-01,,,90
168199,sr_legacy_food,"Plantain, green, fried",9,2019-04-01,,,80
169130,sr_legacy_food,"Plantain, raw",9,2019-04-01,,,90
168200,sr_legacy_food,"Plantain, yellow, fried",9,2019-04-01,,,80
169949,sr_legacy_food,Plums,9,2019-04-01,,,90
169950,sr_legacy_food,"Plums, canned",9,2019-04-01,,,70
173952,sr_legacy_food,"Plums, natal",9,2019-04-01,,,90
169134,sr_legacy_food,Pomegranates,9,2019-04-01,,,90
173945,sr_legacy_food,"Powder, banana",9,2019-04-01,,,70
167806,sr_legacy_food,"Powder, baobab",9,2019-04-01,,,70
168160,sr_legacy_food,"Prunes, dried",9,2019-04-01,,,80
168162,sr_legacy_food,"Prunes, dried",9,2019-04-01,,,80
167751,sr_legacy_food,"Prunes, stewed",9,2019-04-01,,,80
168161,sr_legacy_food,"Prunes, stewed",9,2019-04-01,,,80
167754,sr_legacy_food,Pummelo,9,2019-04-01,,,90
167780,sr_legacy_food,"Puree, prune",9,2019-04-01,,,70
167809,sr_legacy_food,"Puree, raspberry",9,2019-04-01,,,70
167808,sr_legacy_food,"Puree, seedless raspberry",9,2019-04-01,,,70
168163,sr_legacy_food,Quince,9,2019-04-01,,,90
168165,sr_legacy_food,Raisins,9,2019-04-01,,,80
168164,sr_legacy_food,"Raisins, golden",9,2019-04-01,,,90
168166,sr_legacy_food,"Raisins, with seeds",9,2019-04-01,,,90
167755,sr_legacy_food,Raspberries,9,2019-04-01,,,90
168209,sr_legacy_food,"Raspberries, frozen",9,2019-04-01,,,90
168217,sr_legacy_food,Raspberry juice concentrate,9,2019-04-01,,,50
167758,sr_legacy_food,Rhubarb,9,2019-04-01,,,90
168171,sr_legacy_food,Rose-apple,9,2019-04-01,,,90
168170,sr_legacy_food,Roselle,9,2019-04-01,,,90
167783,sr_legacy_food,Rowal,9,2019-04-01,,,90
167759,sr_legacy_food,Sapodilla,9,2019-04-01,,,90
174686,sr_legacy_food,"Sauce, guava",9,2019-04-01,,,60
167761,sr_legacy_food,Soursop,9,2019-04-01,,,90
171715,sr_legacy_food,Starfruit,9,2019-04-01,,,90
167762,sr_legacy_food,Strawberries,9,2019-04-01,,,90
168173,sr_legacy_food,"Strawberries, frozen",9,2019-04-01,,,90
168175,sr_legacy_food,Sugar-apple,9,2019-04-01,,,90
167763,sr_legacy_food,Tamarinds,9,2019-04-01,,,90
169105,sr_legacy_food,Tangerines (mandarin oranges),9,2019-04-01,,,90
167765,sr_legacy_food,Watermelon,9,2019-04-01,,,90
168256,sr_legacy_food,"Arm picnic, braised",10,2019-04-01,,2.7,90
168255,sr_legacy_food,"Arm picnic, raw",10,2019-04-01,,2.3,90
168257,sr_legacy_food,"Arm picnic, roasted",10,2019-04-01,,2.6,90
167811,sr_legacy_food,"Backfat, raw",10,2019-04-01,,0.6,100
168322,sr_legacy_food,Bacon,10,2019-04-01,,2.7,80
168324,sr_legacy_food,"Bacon fat, rendered, cooked",10,2019-04-01,,0.5,80
167914,sr_legacy_food,"Bacon, baked",10,2019-04-01,,2.5,80
168321,sr_legacy_food,"Bacon, microwaved",10,2019-04-01,,2.3,80
168277,sr_legacy_food,"Bacon, uncooked",10,2019-04-01,,2.4,90
168288,sr_legacy_food,"Blade shoulder, raw",10,2019-04-01,,2.4,90
168289,sr_legacy_food,"Blade shoulder, roasted",10,2019-04-01,,2.7,90
168259,sr_legacy_food,"Boston blade roast, roasted",10,2019-04-01,,2.6,90
167851,sr_legacy_food,"Boston blade steak, broiled",10,2019-04-01,,2.5,90
167850,sr_legacy_food,"Boston butt steak, braised",10,2019-04-01,,2.8,90
167849,sr_legacy_food,"Boston butt steak, raw",10,2019-04-01,,2.4,90
168278,sr_legacy_food,"Breakfast strips, pork, uncooked",10,2019-04-01,,2.2,40
168383,sr_legacy_food,Canadian bacon,10,2019-04-01,,2.1,70
167869,sr_legacy_food,"Canadian bacon, uncooked",10,2019-04-01,,2.3,70
167856,sr_legacy_food,Chitterlings,10,2019-04-01,,5.5,90
168266,sr_legacy_food,"Chitterlings, raw",10,2019-04-01,,4.8,90
167903,sr_legacy_food,Ground pork,10,2019-04-01,,2.4,80
169191,sr_legacy_food,"Ground pork, 72/28",10,2019-04-01,,2.5,80
168373,sr_legacy_food,"Ground pork, 72/28, pan-broiled",10,2019-04-01,,2.6,80
169192,sr_legacy_food,"Ground pork, 84/16",10,2019-04-01,,2.2,80
168374,sr_legacy_food,"Ground pork, 84/16, pan-broiled",10,2019-04-01,,2.3,80
168372,sr_legacy_food,"Ground pork, 84/16, raw",10,2019-04-01,,2,80
169193,sr_legacy_food,"Ground pork, 96/4",10,2019-04-01,,1.7,80
168375,sr_legacy_food,"Ground pork, 96/4, pan-broiled",10,2019-04-01,,1.8,80
169190,sr_legacy_food,"Ground pork, 96/4, raw",10,2019-04-01,,1.5,80
167902,sr_legacy_food,"Ground pork, raw",10,2019-04-01,,2.2,80
167877,sr_legacy_food,"Ham fat, raw",10,2019-04-01,,0.8,90
167878,sr_legacy_food,"Ham fat, roasted",10,2019-04-01,,1,80
168356,sr_legacy_food,"Ham rump, roasted",10,2019-04-01,,2.3,80
168357,sr_legacy_food,"Ham shank, roasted",10,2019-04-01,,2.6,80
168359,sr_legacy_food,"Ham slice, pan-fried",10,2019-04-01,,2.4,80
168282,sr_legacy_food,"Ham slice, raw",10,2019-04-01,,2,80
168283,sr_legacy_food,"Ham slice, unheated",10,2019-04-01,,2.1,80
167872,sr_legacy_food,"Ham, roasted",10,2019-04-01,,2.2,80
168284,sr_legacy_food,"Ham, whole roasted",10,2019-04-01,,2.3,80
169189,sr_legacy_food,"Petite tender, broiled",10,2019-04-01,,2,90
168369,sr_legacy_food,"Petite tender, raw",10,2019-04-01,,1.8,90
167879,sr_legacy_food,"Picnic shoulder, roasted",10,2019-04-01,,2.8,80
167870,sr_legacy_food,"Pig’s feet, pickled",10,2019-04-01,,6.5,60
168299,sr_legacy_food,"Pork back ribs, raw",10,2019-04-01,,3.8,90
168300,sr_legacy_food,"Pork back ribs, roasted",10,2019-04-01,,4.5,90
167812,sr_legacy_food,"Pork belly, raw",10,2019-04-01,,2.8,90
168380,sr_legacy_food,"Pork blade chop, boneless, broiled",10,2019-04-01,,2.6,90
167823,sr_legacy_food,"Pork blade chop, braised",10,2019-04-01,,2.5,90
167824,sr_legacy_food,"Pork blade chop, broiled",10,2019-04-01,,2.4,90
167884,sr_legacy_food,"Pork blade chop, pan-fried",10,2019-04-01,,2.6,90
168381,sr_legacy_food,"Pork blade loin, boneless, raw",10,2019-04-01,,2,90
167822,sr_legacy_food,"Pork blade loin, raw",10,2019-04-01,,2.1,90
169198,sr_legacy_food,"Pork blade roast, boneless, roasted",10,2019-04-01,,2.4,90
167825,sr_legacy_food,"Pork blade roast, roasted",10,2019-04-01,,2.5,90
167828,sr_legacy_food,"Pork center loin roast, roasted",10,2019-04-01,,2.1,90
167890,sr_legacy_food,"Pork center rib chop, boneless, braised",10,2019-04-01,,2.2,90
167891,sr_legacy_food,"Pork center rib chop, boneless, broiled",10,2019-04-01,,2.1,90
167892,sr_legacy_food,"Pork center rib chop, boneless, pan-fried",10,2019-04-01,,2.2,90
167830,sr_legacy_food,"Pork center rib chop, braised",10,2019-04-01,,2.3,90
167831,sr_legacy_food,"Pork center rib chop, broiled",10,2019-04-01,,2.2,90
168293,sr_legacy_food,"Pork center rib chop, pan-fried",10,2019-04-01,,2.3,90
168301,sr_legacy_food,"Pork center rib roast, boneless, roasted",10,2019-04-01,,2.2,90
167832,sr_legacy_food,"Pork center rib roast, roasted",10,2019-04-01,,2.3,90
167889,sr_legacy_food,"Pork center rib, boneless, raw",10,2019-04-01,,1.9,100
168242,sr_legacy_food,"Pork center rib, raw",10,2019-04-01,,2.1,100
168298,sr_legacy_food,Pork chop,10,2019-04-01,,2.4,90
167826,sr_legacy_food,"Pork chop, bone-in, braised",10,2019-04-01,,2.5,90
167827,sr_legacy_food,"Pork chop, bone-in, broiled",10,2019-04-01,,2.3,90
168292,sr_legacy_food,"Pork chop, bone-in, pan-fried",10,2019-04-01,,2.4,90
168238,sr_legacy_food,"Pork chop, bone-in, raw",10,2019-04-01,,2,100
168286,sr_legacy_food,"Pork chop, boneless, raw",10,2019-04-01,,1.9,100
168290,sr_legacy_food,Pork feet,10,2019-04-01,,6.8,90
167859,sr_legacy_food,"Pork feet, raw",10,2019-04-01,,5.8,100
168268,sr_legacy_food,Pork heart,10,2019-04-01,,3.2,90
168267,sr_legacy_food,"Pork heart, raw",10,2019-04-01,,2.8,100
169157,sr_legacy_food,"Pork hocks, pickled",10,2019-04-01,,6.2,60
167860,sr_legacy_food,Pork kidneys,10,2019-04-01,,1.8,90
168270,sr_legacy_food,"Pork kidneys, raw",10,2019-04-01,,1.5,100
168223,sr_legacy_food,Pork leg,10,2019-04-01,,2.3,90
168368,sr_legacy_food,"Pork leg cap steak, broiled",10,2019-04-01,,2.2,90
169186,sr_legacy_food,"Pork leg cap steak, raw",10,2019-04-01,,2,100
168222,sr_legacy_food,"Pork leg, raw",10,2019-04-01,,2,90
167815,sr_legacy_food,"Pork leg, rump",10,2019-04-01,,2.3,90
167814,sr_legacy_food,"Pork leg, rump, raw",10,2019-04-01,,2,90
168227,sr_legacy_food,"Pork leg, shank",10,2019-04-01,,2.8,90
168226,sr_legacy_food,"Pork leg, shank, raw",10,2019-04-01,,2.4,90
167863,sr_legacy_food,Pork liver,10,2019-04-01,,1.2,100
167862,sr_legacy_food,"Pork liver, raw",10,2019-04-01,,1,100
167821,sr_legacy_food,"Pork loin, whole",10,2019-04-01,,2.2,90
167819,sr_legacy_food,"Pork loin, whole, braised",10,2019-04-01,,2.2,90
167820,sr_legacy_food,"Pork loin, whole, broiled",10,2019-04-01,,2.1,90
167818,sr_legacy_food,"Pork loin, whole, raw",10,2019-04-01,,1.9,90
167844,sr_legacy_food,"Pork shoulder, whole",10,2019-04-01,,2.7,90
167843,sr_legacy_food,"Pork shoulder, whole, raw",10,2019-04-01,,2.4,90
167835,sr_legacy_food,Pork sirloin chop,10,2019-04-01,,2.2,90
167899,sr_legacy_food,"Pork sirloin chop, boneless",10,2019-04-01,,2.1,90
167898,sr_legacy_food,"Pork sirloin chop, boneless, braised",10,2019-04-01,,2.2,90
167834,sr_legacy_food,"Pork sirloin chop, braised",10,2019-04-01,,2.3,90
167836,sr_legacy_food,Pork sirloin roast,10,2019-04-01,,2.2,90
167900,sr_legacy_food,"Pork sirloin roast, boneless, roasted",10,2019-04-01,,2.1,90
168370,sr_legacy_food,Pork sirloin tip roast,10,2019-04-01,,2.3,90
168371,sr_legacy_food,"Pork sirloin tip roast, raw",10,2019-04-01,,2,90
168308,sr_legacy_food,"Pork sirloin, boneless, raw",10,2019-04-01,,1.9,90
168246,sr_legacy_food,"Pork sirloin, raw",10,2019-04-01,,2,90
169178,sr_legacy_food,Pork spareribs,10,2019-04-01,,5,90
167854,sr_legacy_food,"Pork spareribs, braised",10,2019-04-01,,4.8,90
167853,sr_legacy_food,"Pork spareribs, raw",10,2019-04-01,,4.2,90
167905,sr_legacy_food,Pork tenderloin,10,2019-04-01,,1.7,90
167904,sr_legacy_food,"Pork tenderloin, broiled",10,2019-04-01,,1.8,90
168312,sr_legacy_food,"Pork tenderloin, raw",10,2019-04-01,,1.5,90
168276,sr_legacy_food,Pork tongue,10,2019-04-01,,4,100
168275,sr_legacy_food,"Pork tongue, raw",10,2019-04-01,,3.4,100
167887,sr_legacy_food,"Pork top loin chop, boneless",10,2019-04-01,,2.1,90
167840,sr_legacy_food,"Pork top loin chop, boneless, braised",10,2019-04-01,,2.1,90
167841,sr_legacy_food,"Pork top loin chop, boneless, broiled",10,2019-04-01,,2,90
167839,sr_legacy_food,"Pork top loin chop, boneless, raw",10,2019-04-01,,1.8,90
168314,sr_legacy_food,"Pork top loin roast, boneless, raw",10,2019-04-01,,1.8,90
167842,sr_legacy_food,"Pork top loin roast, boneless, roasted",10,2019-04-01,,2,90
167896,sr_legacy_food,"Ribs, pork, country-style",10,2019-04-01,,3.5,90
167897,sr_legacy_food,"Ribs, pork, country-style, bone-in",10,2019-04-01,,3.8,90
169200,sr_legacy_food,"Ribs, pork, country-style, bone-in, broiled",10,2019-04-01,,3.6,90
169201,sr_legacy_food,"Ribs, pork, country-style, boneless",10,2019-04-01,,3.4,90
169199,sr_legacy_food,"Ribs, pork, country-style, boneless, broiled",10,2019-04-01,,3.2,90
167895,sr_legacy_food,"Ribs, pork, country-style, raw",10,2019-04-01,,3,90
168287,sr_legacy_food,Salt pork,10,2019-04-01,,2.7,80
169188,sr_legacy_food,Shoulder breast,10,2019-04-01,,2.5,90
169187,sr_legacy_food,"Shoulder breast, raw",10,2019-04-01,,2.2,90
168384,sr_legacy_food,Alfalfa seeds,11,2019-04-01,,,70
169202,sr_legacy_food,Amaranth leaves,11,2019-04-01,,,90
168385,sr_legacy_food,"Amaranth leaves, raw",11,2019-04-01,,,90
169204,sr_legacy_food,Arrowhead,11,2019-04-01,,,90
169203,sr_legacy_food,"Arrowhead, raw",11,2019-04-01,,,90
168490,sr_legacy_food,"Arrowroot, raw",11,2019-04-01,,,90
168386,sr_legacy_food,Artichoke,11,2019-04-01,,,90
169205,sr_legacy_food,"Artichokes, raw",11,2019-04-01,,,90
169387,sr_legacy_food,Arugula,11,2019-04-01,,,90
168390,sr_legacy_food,Asparagus,11,2019-04-01,,,90
168389,sr_legacy_food,"Asparagus, raw",11,2019-04-01,,,90
168565,sr_legacy_food,Baby zucchini,11,2019-04-01,,,90
169211,sr_legacy_food,Bamboo shoots,11,2019-04-01,,,90
169210,sr_legacy_food,"Bamboo shoots, raw",11,2019-04-01,,,90
168574,sr_legacy_food,"Beans, fava, in pod, raw",11,2019-04-01,,,90
169141,sr_legacy_food,"Beans, green",11,2019-04-01,,,90
168395,sr_legacy_food,"Beans, kidney",11,2019-04-01,,,70
169213,sr_legacy_food,"Beans, kidney, raw",11,2019-04-01,,,90
169140,sr_legacy_food,"Beans, navy",11,2019-04-01,,,70
169139,sr_legacy_food,"Beans, navy, raw",11,2019-04-01,,,90
170087,sr_legacy_food,"Beans, pinto",11,2019-04-01,,,70
170086,sr_legacy_food,"Beans, pinto, raw",11,2019-04-01,,,90
169960,sr_legacy_food,"Beans, shellie",11,2019-04-01,,,90
169961,sr_legacy_food,"Beans, snap green, raw",11,2019-04-01,,,90
169322,sr_legacy_food,"Beans, snap yellow",11,2019-04-01,,,90
169320,sr_legacy_food,"Beans, snap yellow, raw",11,2019-04-01,,,90
170376,sr_legacy_food,Beet greens,11,2019-04-01,,,90
170375,sr_legacy_food,"Beet greens, raw",11,2019-04-01,,,90
169146,sr_legacy_food,Beets,11,2019-04-01,,,90
170480,sr_legacy_food,"Beets, pickled",11,2019-04-01,30,,60
169145,sr_legacy_food,"Beets, raw",11,2019-04-01,,,90
170428,sr_legacy_food,"Bell pepper, green",11,2019-04-01,,,90
170427,sr_legacy_food,"Bell pepper, green, raw",11,2019-04-01,,,90
170024,sr_legacy_food,"Bell pepper, green, sauteed",11,2019-04-01,,,90
170110,sr_legacy_food,"Bell pepper, red",11,2019-04-01,,,90
169373,sr_legacy_food,"Bell pepper, red, freeze-dried",11,2019-04-01,,,80
170108,sr_legacy_food,"Bell pepper, red, raw",11,2019-04-01,,,90
168550,sr_legacy_food,"Bell pepper, red, sauteed",11,2019-04-01,,,90
169383,sr_legacy_food,"Bell pepper, yellow, raw",11,2019-04-01,,,90
168394,sr_legacy_food,Bitter melon,11,2019-04-01,,,90
168392,sr_legacy_food,"Bitter melon, leafy tips",11,2019-04-01,,,90
168391,sr_legacy_food,"Bitter melon, leafy tips, raw",11,2019-04-01,,,90
168393,sr_legacy_food,"Bitter melon, raw",11,2019-04-01,,,90
168402,sr_legacy_food,Black-eyed peas,11,2019-04-01,,,70
169220,sr_legacy_food,"Black-eyed peas, raw",11,2019-04-01,,,90
170482,sr_legacy_food,Borage,11,2019-04-01,,,90
170481,sr_legacy_food,"Borage, raw",11,2019-04-01,,,90
170378,sr_legacy_food,Broadbeans,11,2019-04-01,,,70
170377,sr_legacy_food,"Broadbeans, raw",11,2019-04-01,,,90
169967,sr_legacy_food,Broccoli,11,2019-04-01,,,90
170382,sr_legacy_food,Broccoli raab,11,2019-04-01,,,90
170381,sr_legacy_food,"Broccoli raab, raw",11,2019-04-01,,,90
169392,sr_legacy_food,"Broccoli, chinese",11,2019-04-01,,,90
169404,sr_legacy_food,"Broccoli, chinese, raw",11,2019-04-01,,,90
169330,sr_legacy_food,"Broccoli, flower clusters, raw",11,2019-04-01,,,90
169329,sr_legacy_food,"Broccoli, leaves, raw",11,2019-04-01,,,90
170379,sr_legacy_food,"Broccoli, raw",11,2019-04-01,,,90
169331,sr_legacy_food,"Broccoli, stalks, raw",11,2019-04-01,,,90
169971,sr_legacy_food,Brussels sprouts,11,2019-04-01,,,90
170383,sr_legacy_food,"Brussels sprouts, raw",11,2019-04-01,,,90
170384,sr_legacy_food,Burdock root,11,2019-04-01,,,90
169974,sr_legacy_food,"Burdock root, raw",11,2019-04-01,,,90
170386,sr_legacy_food,Butterbur,11,2019-04-01,,,90
170385,sr_legacy_food,"Butterbur, raw",11,2019-04-01,,,90
169975,sr_legacy_food,Cabbage,11,2019-04-01,,,90
170390,sr_legacy_food,"Cabbage, chinese (pak-choi)",11,2019-04-01,,,90
170391,sr_legacy_food,"Cabbage, chinese (pak-choi), cooked",11,2019-04-01,,,90
169979,sr_legacy_food,"Cabbage, chinese (pe-tsai)",11,2019-04-01,,,90
169980,sr_legacy_food,"Cabbage, chinese (pe-tsai), cooked",11,2019-04-01,,,90
169976,sr_legacy_food,"Cabbage, cooked",11,2019-04-01,,,90
169891,sr_legacy_food,"Cabbage, mustard, salted",11,2019-04-01,,,70
168572,sr_legacy_food,"Cabbage, napa, cooked",11,2019-04-01,,,90
169890,sr_legacy_food,"Cabbage, pickled",11,2019-04-01,30,,60
169977,sr_legacy_food,"Cabbage, red",11,2019-04-01,,,90
169978,sr_legacy_food,"Cabbage, red",11,2019-04-01,,,90
170388,sr_legacy_food,"Cabbage, savoy",11,2019-04-01,,,90
170389,sr_legacy_food,"Cabbage, savoy, cooked",11,2019-04-01,,,90
169982,sr_legacy_food,Cardoon,11,2019-04-01,,,90
169981,sr_legacy_food,"Cardoon, raw",11,2019-04-01,,,90
170500,sr_legacy_food,"Carrot, dehydrated",11,2019-04-01,,,70
170393,sr_legacy_food,Carrots,11,2019-04-01,,,90
168568,sr_legacy_food,"Carrots, baby",11,2019-04-01,,,90
170394,sr_legacy_food,"Carrots, cooked",11,2019-04-01,,,90
169985,sr_legacy_food,"Cassava, raw",11,2019-04-01,,,90
168556,sr_legacy_food,Catsup,11,2019-04-01,,,40
170397,sr_legacy_food,Cauliflower,11,2019-04-01,,,90
169390,sr_legacy_food,"Cauliflower, green",11,2019-04-01,,,90
169389,sr_legacy_food,"Cauliflower, green, raw",11,2019-04-01,,,90
169986,sr_legacy_food,"Cauliflower, raw",11,2019-04-01,,,90
169987,sr_legacy_food,Celeriac,11,2019-04-01,,,90
170400,sr_legacy_food,"Celeriac, raw",11,2019-04-01,,,90
169988,sr_legacy_food,Celery,11,2019-04-01,,,90
169989,sr_legacy_food,"Celery, cooked",11,2019-04-01,,,90
169990,sr_legacy_food,"Celtuce, raw",11,2019-04-01,,,90
170401,sr_legacy_food,"Chard, swiss",11,2019-04-01,,,90
169991,sr_legacy_food,"Chard, swiss, raw",11,2019-04-01,,,90
170403,sr_legacy_food,Chayote,11,2019-04-01,,,90
170402,sr_legacy_food,"Chayote, fruit, raw",11,2019-04-01,,,90
169992,sr_legacy_food,Chicory greens,11,2019-04-01,,,90
169993,sr_legacy_food,Chicory roots,11,2019-04-01,,,90
170404,sr_legacy_food,"Chicory, witloof",11,2019-04-01,,,90
170497,sr_legacy_food,"Chili pepper, green, raw",11,2019-04-01,,,90
169766,sr_legacy_food,"Chili pepper, pickled",11,2019-04-01,30,,60
170106,sr_legacy_food,"Chili pepper, red, raw",11,2019-04-01,,,90
168570,sr_legacy_food,"Chili peppers, sun-dried",11,2019-04-01,,,90
169994,sr_legacy_food,Chives,11,2019-04-01,,,90
168491,sr_legacy_food,Chrysanthemum leaves,11,2019-04-01,,,90
170405,sr_legacy_food,"Chrysanthemum, garland",11,2019-04-01,,,90
169995,sr_legacy_food,"Chrysanthemum, garland, raw",11,2019-04-01,,,90
169997,sr_legacy_food,Cilantro,11,2019-04-01,,,90
170407,sr_legacy_food,Collards,11,2019-04-01,,,90
170406,sr_legacy_food,"Collards, raw",11,2019-04-01,,,90
169999,sr_legacy_food,Corn,11,2019-04-01,,,90
169998,sr_legacy_food,"Corn, raw",11,2019-04-01,,,90
168539,sr_legacy_food,"Corn, white",11,2019-04-01,,,90
168538,sr_legacy_food,"Corn, white, raw",11,2019-04-01,,,90
169219,sr_legacy_food,Cornsalad,11,2019-04-01,,,90
168406,sr_legacy_food,"Cowpeas, leafy tips",11,2019-04-01,,,90
169224,sr_legacy_food,"Cowpeas, leafy tips, raw",11,2019-04-01,,,90
169221,sr_legacy_food,"Cowpeas, young pods with seeds",11,2019-04-01,,,90
168405,sr_legacy_food,"Cowpeas, young pods with seeds, raw",11,2019-04-01,,,90
168408,sr_legacy_food,"Cress, garden",11,2019-04-01,,,90
168407,sr_legacy_food,"Cress, garden, raw",11,2019-04-01,,,90
168409,sr_legacy_food,Cucumber,11,2019-04-01,,,90
169225,sr_legacy_food,"Cucumber, peeled",11,2019-04-01,,,90
169227,sr_legacy_food,Dandelion greens,11,2019-04-01,,,90
169226,sr_legacy_food,"Dandelion greens, raw",11,2019-04-01,,,90
170077,sr_legacy_food,Dock,11,2019-04-01,,,90
170076,sr_legacy_food,"Dock, raw",11,2019-04-01,,,90
168417,sr_legacy_food,Drumstick leaves,11,2019-04-01,,,90
168416,sr_legacy_food,"Drumstick leaves, raw",11,2019-04-01,,,90
170484,sr_legacy_food,"Drumstick pods, cooked, boiled, drained, without salt",11,2019-04-01,,,90
170483,sr_legacy_food,"Drumstick pods, raw",11,2019-04-01,,,90
168411,sr_legacy_food,Edamame,11,2019-04-01,,,90
169229,sr_legacy_food,Eggplant,11,2019-04-01,,,90
169892,sr_legacy_food,"Eggplant, pickled",11,2019-04-01,30,,70
169228,sr_legacy_food,"Eggplant, raw",11,2019-04-01,,,90
168412,sr_legacy_food,Endive,11,2019-04-01,,,90
169398,sr_legacy_food,Epazote,11,2019-04-01,,,90
170078,sr_legacy_food,Eppaw,11,2019-04-01,,,90
168413,sr_legacy_food,Escarole,11,2019-04-01,,,90
169385,sr_legacy_food,"Fennel, bulb",11,2019-04-01,,,90
169405,sr_legacy_food,Fiddlehead ferns,11,2019-04-01,,,90
169399,sr_legacy_food,"Fireweed, leaves",11,2019-04-01,,,90
168446,sr_legacy_food,"Flour, potato",11,2019-04-01,,,40
170118,sr_legacy_food,French fries,11,2019-04-01,,,40
168581,sr_legacy_food,"Fungi, Cloud ears, dried",11,2019-04-01,,,80
169230,sr_legacy_food,Garlic,11,2019-04-01,,,90
169231,sr_legacy_food,Ginger,11,2019-04-01,,,90
169765,sr_legacy_food,"Ginger, pickled",11,2019-04-01,30,,70
168415,sr_legacy_food,"Gourd, dishcloth (towelgourd), cooked, boiled, drained, without salt",11,2019-04-01,,,90
168414,sr_legacy_food,"Gourd, dishcloth (towelgourd), raw",11,2019-04-01,,,90
169233,sr_legacy_food,"Gourd, white-flowered (calabash), cooked, boiled, drained, without salt",11,2019-04-01,,,90
169232,sr_legacy_food,"Gourd, white-flowered (calabash), raw",11,2019-04-01,,,90
169393,sr_legacy_food,"Grape leaves, canned",11,2019-04-01,,,70
168575,sr_legacy_food,"Grape leaves, raw",11,2019-04-01,,,90
170036,sr_legacy_food,Hash browns,11,2019-04-01,,,40
168569,sr_legacy_food,"Hearts of palm, canned",11,2019-04-01,,,70
167714,sr_legacy_food,"Hearts of palm, raw",11,2019-04-01,,,90
169235,sr_legacy_food,Hyacinth-beans,11,2019-04-01,,,70
169234,sr_legacy_food,"Hyacinth-beans, raw",11,2019-04-01,,,90
168576,sr_legacy_food,Jalapeno,11,2019-04-01,,,90
169236,sr_legacy_food,"Jerusalem-artichokes, raw",11,2019-04-01,,,90
170073,sr_legacy_food,Jicama,11,2019-04-01,,,90
170074,sr_legacy_food,"Jicama, boiled",11,2019-04-01,,,90
170491,sr_legacy_food,"Juice, carrot",11,2019-04-01,,,60
170545,sr_legacy_food,"Juice, tomato",11,2019-04-01,,,60
168420,sr_legacy_food,"Jute, potherb",11,2019-04-01,,,70
168419,sr_legacy_food,"Jute, potherb, raw",11,2019-04-01,,,90
169238,sr_legacy_food,Kale,11,2019-04-01,,,90
168421,sr_legacy_food,"Kale, raw",11,2019-04-01,,,90
169241,sr_legacy_food,Kanpyo,11,2019-04-01,,,50
170392,sr_legacy_food,Kimchi,11,2019-04-01,30,,60
168425,sr_legacy_food,Kohlrabi,11,2019-04-01,,,90
168424,sr_legacy_food,"Kohlrabi, raw",11,2019-04-01,,,90
169245,sr_legacy_food,Lambsquarters,11,2019-04-01,,,90
169244,sr_legacy_food,"Lambsquarters, raw",11,2019-04-01,,,90
168426,sr_legacy_food,Leeks,11,2019-04-01,,,90
169246,sr_legacy_food,"Leeks, raw",11,2019-04-01,,,90
168573,sr_legacy_food,"Lemon grass (citronella), raw",11,2019-04-01,,,90
168428,sr_legacy_food,Lentils,11,2019-04-01,,,70
168427,sr_legacy_food,"Lentils, raw",11,2019-04-01,,,90
169247,sr_legacy_food,Lettuce,11,2019-04-01,,,90
168429,sr_legacy_food,"Lettuce, butterhead",11,2019-04-01,,,90
169249,sr_legacy_food,"Lettuce, green leaf",11,2019-04-01,,,90
169248,sr_legacy_food,"Lettuce, iceberg",11,2019-04-01,,,90
168431,sr_legacy_food,"Lettuce, red leaf",11,2019-04-01,,,90
169135,sr_legacy_food,Lima beans,11,2019-04-01,,,70
168396,sr_legacy_food,"Lima beans, raw",11,2019-04-01,,,90
168430,sr_legacy_food,Lotus root,11,2019-04-01,,,90
169250,sr_legacy_food,"Lotus root, raw",11,2019-04-01,,,90
168433,sr_legacy_food,"Mountain yam, hawaii",11,2019-04-01,,,90
168432,sr_legacy_food,"Mountain yam, hawaii, raw",11,2019-04-01,,,90
169137,sr_legacy_food,Mung beans,11,2019-04-01,,,70
169957,sr_legacy_food,"Mung beans, raw",11,2019-04-01,,,90
169252,sr_legacy_food,Mushrooms,11,2019-04-01,,,90
168434,sr_legacy_food,"Mushrooms, brown, italian, or crimini, raw",11,2019-04-01,,,90
168422,sr_legacy_food,"Mushrooms, Chanterelle, raw",11,2019-04-01,,,90
169382,sr_legacy_food,"Mushrooms, enoki, raw",11,2019-04-01,,,90
169403,sr_legacy_food,"Mushrooms, maitake, raw",11,2019-04-01,,,90
168423,sr_legacy_food,"Mushrooms, morel, raw",11,2019-04-01,,,90
168580,sr_legacy_food,"Mushrooms, oyster, raw",11,2019-04-01,,,90
169243,sr_legacy_food,"Mushrooms, portabella",11,2019-04-01,,,90
169255,sr_legacy_food,"Mushrooms, portabella, raw",11,2019-04-01,,,90
169251,sr_legacy_food,"Mushrooms, raw",11,2019-04-01,,,90
168437,sr_legacy_food,"Mushrooms, shiitake",11,2019-04-01,,,90
168436,sr_legacy_food,"Mushrooms, shiitake, dried",11,2019-04-01,,,80
169242,sr_legacy_food,"Mushrooms, shiitake, raw",11,2019-04-01,,,90
168435,sr_legacy_food,"Mushrooms, shiitake, stir-fried",11,2019-04-01,,,90
169253,sr_legacy_food,"Mushrooms, stir-fried",11,2019-04-01,,,90
169257,sr_legacy_food,Mustard greens,11,2019-04-01,,,90
169256,sr_legacy_food,"Mustard greens, raw",11,2019-04-01,,,90
168439,sr_legacy_food,"Mustard spinach, tendergreen",11,2019-04-01,,,90
168438,sr_legacy_food,"Mustard spinach, tendergreen, raw",11,2019-04-01,,,90
168441,sr_legacy_food,New Zealand spinach,11,2019-04-01,,,90
168440,sr_legacy_food,"New Zealand spinach, raw",11,2019-04-01,,,90
169388,sr_legacy_food,Nopales,11,2019-04-01,,,90
168571,sr_legacy_food,"Nopales, raw",11,2019-04-01,,,90
169261,sr_legacy_food,Okra,11,2019-04-01,,,90
169260,sr_legacy_food,"Okra, raw",11,2019-04-01,,,90
170000,sr_legacy_food,Onions,11,2019-04-01,,,90
170001,sr_legacy_food,"Onions, cooked",11,2019-04-01,,,90
170002,sr_legacy_food,"Onions, dehydrated flakes",11,2019-04-01,,,70
170006,sr_legacy_food,"Onions, green",11,2019-04-01,,,90
170008,sr_legacy_food,"Onions, sweet",11,2019-04-01,,,90
170007,sr_legacy_food,"Onions, welsh",11,2019-04-01,,,90
170004,sr_legacy_food,"Onions, yellow, sauteed",11,2019-04-01,,,90
170092,sr_legacy_food,"Pancakes, potato",11,2019-04-01,,,50
170416,sr_legacy_food,"Parsley, fresh",11,2019-04-01,,,90
170009,sr_legacy_food,Parsnips,11,2019-04-01,,,90
170417,sr_legacy_food,"Parsnips, raw",11,2019-04-01,,,90
170420,sr_legacy_food,Peas,11,2019-04-01,,,90
170419,sr_legacy_food,"Peas, raw",11,2019-04-01,,,90
168418,sr_legacy_food,"Pepeao, dried",11,2019-04-01,,,80
169394,sr_legacy_food,"Pepper, banana",11,2019-04-01,,,90
169396,sr_legacy_food,"Peppers, ancho",11,2019-04-01,,,90
168578,sr_legacy_food,"Peppers, hungarian, raw",11,2019-04-01,,,90
168579,sr_legacy_food,"Peppers, pasilla, dried",11,2019-04-01,,,80
169395,sr_legacy_food,"Peppers, serrano",11,2019-04-01,,,90
168558,sr_legacy_food,Pickles,11,2019-04-01,30,,60
169397,sr_legacy_food,"Pickles, chowchow",11,2019-04-01,30,,50
169379,sr_legacy_food,"Pickles, sour",11,2019-04-01,30,,60
169378,sr_legacy_food,"Pickles, sweet",11,2019-04-01,30,,40
170430,sr_legacy_food,Pigeonpeas,11,2019-04-01,,,90
170025,sr_legacy_food,"Pigeonpeas, raw",11,2019-04-01,,,90
168559,sr_legacy_food,"Pimento, canned",11,2019-04-01,,,70
170431,sr_legacy_food,Poi,11,2019-04-01,,,60
170433,sr_legacy_food,Pokeberry shoots,11,2019-04-01,,,90
170432,sr_legacy_food,"Pokeberry shoots, raw",11,2019-04-01,,,90
170032,sr_legacy_food,"Potato skin, raw",11,2019-04-01,,,90
170093,sr_legacy_food,"Potato, baked",11,2019-04-01,,,90
170033,sr_legacy_food,"Potato, baked, flesh",11,2019-04-01,,,90
170034,sr_legacy_food,"Potato, baked, skin",11,2019-04-01,,,90
170438,sr_legacy_food,"Potato, boiled, flesh",11,2019-04-01,,,90
170439,sr_legacy_food,"Potato, boiled, skin",11,2019-04-01,,,90
170028,sr_legacy_food,"Potato, raw",11,2019-04-01,,,90
170434,sr_legacy_food,Potatoes,11,2019-04-01,,,90
168555,sr_legacy_food,"Potatoes, mashed",11,2019-04-01,,,80
170493,sr_legacy_food,"Potatoes, mashed, without butter",11,2019-04-01,,,90
170435,sr_legacy_food,"Potatoes, red",11,2019-04-01,,,90
170029,sr_legacy_food,"Potatoes, red, raw",11,2019-04-01,,,90
170030,sr_legacy_food,"Potatoes, russet",11,2019-04-01,,,90
170027,sr_legacy_food,"Potatoes, russet, raw",11,2019-04-01,,,90
170038,sr_legacy_food,"Potatoes, scalloped",11,2019-04-01,,,70
170492,sr_legacy_food,"Pudding, corn",11,2019-04-01,,,30
168449,sr_legacy_food,Pumpkin,11,2019-04-01,,,90
169271,sr_legacy_food,Pumpkin flowers,11,2019-04-01,,,90
169270,sr_legacy_food,"Pumpkin flowers, raw",11,2019-04-01,,,90
168447,sr_legacy_food,Pumpkin leaves,11,2019-04-01,,,90
169272,sr_legacy_food,"Pumpkin leaves, raw",11,2019-04-01,,,90
169273,sr_legacy_food,Pumpkin pie mix,11,2019-04-01,,,40
168448,sr_legacy_food,"Pumpkin, raw",11,2019-04-01,,,90
169275,sr_legacy_food,Purslane,11,2019-04-01,,,90
169274,sr_legacy_food,"Purslane, raw",11,2019-04-01,,,90
168564,sr_legacy_food,"Radicchio, raw",11,2019-04-01,,,90
170095,sr_legacy_food,"Radish seeds, raw",11,2019-04-01,,,90
168452,sr_legacy_food,"Radishes, oriental",11,2019-04-01,,,90
168453,sr_legacy_food,"Radishes, oriental, dried",11,2019-04-01,,,70
168451,sr_legacy_food,"Radishes, oriental, raw",11,2019-04-01,,,90
169889,sr_legacy_food,"Radishes, pickled",11,2019-04-01,30,,70
169276,sr_legacy_food,"Radishes, raw",11,2019-04-01,,,90
170081,sr_legacy_food,"Radishes, white icicle, raw",11,2019-04-01,,,90
169386,sr_legacy_food,"Relish, hamburger",11,2019-04-01,,,40
168560,sr_legacy_food,"Relish, hot dog",11,2019-04-01,,,40
168561,sr_legacy_food,"Relish, sweet",11,2019-04-01,,,40
168455,sr_legacy_food,Rutabagas,11,2019-04-01,,,90
168454,sr_legacy_food,"Rutabagas, raw",11,2019-04-01,,,90
169269,sr_legacy_food,"Salad, potato",11,2019-04-01,,,50
169278,sr_legacy_food,Salsify,11,2019-04-01,,,90
169277,sr_legacy_food,"Salsify, raw",11,2019-04-01,,,90
169279,sr_legacy_food,Sauerkraut,11,2019-04-01,30,,80
170005,sr_legacy_food,Scallions,11,2019-04-01,,,90
170090,sr_legacy_food,Seaweed,11,2019-04-01,,,90
168456,sr_legacy_food,"Seaweed, irishmoss, raw",11,2019-04-01,,,90
168457,sr_legacy_food,"Seaweed, kelp, raw",11,2019-04-01,,,90
168458,sr_legacy_food,"Seaweed, laver, raw",11,2019-04-01,,,90
169280,sr_legacy_food,"Seaweed, raw",11,2019-04-01,,,90
170495,sr_legacy_food,"Seaweed, spirulina",11,2019-04-01,,,80
170091,sr_legacy_food,"Seaweed, spirulina, raw",11,2019-04-01,,,90
170496,sr_legacy_food,"Seaweed, wakame, raw",11,2019-04-01,,,90
169281,sr_legacy_food,Sesbania flower,11,2019-04-01,,,90
168459,sr_legacy_food,"Sesbania flower, raw",11,2019-04-01,,,90
170499,sr_legacy_food,Shallots,11,2019-04-01,,,90
168460,sr_legacy_food,Soybeans,11,2019-04-01,,,70
169283,sr_legacy_food,"Soybeans, green",11,2019-04-01,,,90
169282,sr_legacy_food,"Soybeans, green, raw",11,2019-04-01,,,90
169284,sr_legacy_food,"Soybeans, raw",11,2019-04-01,,,90
168463,sr_legacy_food,Spinach,11,2019-04-01,,,90
169400,sr_legacy_food,"Spinach, malabar",11,2019-04-01,,,90
168462,sr_legacy_food,"Spinach, raw",11,2019-04-01,,,90
170490,sr_legacy_food,Squash,11,2019-04-01,,,90
169293,sr_legacy_food,"Squash, acorn, cooked, baked, without salt",11,2019-04-01,,,90
168472,sr_legacy_food,"Squash, acorn, raw",11,2019-04-01,,,90
169296,sr_legacy_food,"Squash, butternut",11,2019-04-01,,,90
169295,sr_legacy_food,"Squash, butternut, raw",11,2019-04-01,,,90
168465,sr_legacy_food,"Squash, crookneck and straightneck",11,2019-04-01,,,90
168464,sr_legacy_food,"Squash, crookneck and straightneck, raw",11,2019-04-01,,,90
168476,sr_legacy_food,"Squash, hubbard",11,2019-04-01,,,90
168475,sr_legacy_food,"Squash, hubbard, raw",11,2019-04-01,,,90
170489,sr_legacy_food,"Squash, raw",11,2019-04-01,,,90
169290,sr_legacy_food,"Squash, scallop",11,2019-04-01,,,90
169289,sr_legacy_food,"Squash, scallop, raw",11,2019-04-01,,,90
169299,sr_legacy_food,"Squash, spaghetti",11,2019-04-01,,,90
169298,sr_legacy_food,"Squash, spaghetti, raw",11,2019-04-01,,,90
170488,sr_legacy_food,"Squash, summer",11,2019-04-01,,,90
170487,sr_legacy_food,"Squash, summer, raw",11,2019-04-01,,,90
169300,sr_legacy_food,"Succotash, (corn and limas), raw",11,2019-04-01,,,90
168477,sr_legacy_food,"Succotash, corn and limas",11,2019-04-01,,,90
168483,sr_legacy_food,Sweet potato,11,2019-04-01,,,90
167606,sr_legacy_food,Sweet potato fries,11,2019-04-01,,,40
169304,sr_legacy_food,Sweet potato leaves,11,2019-04-01,,,90
169303,sr_legacy_food,"Sweet potato leaves, raw",11,2019-04-01,,,90
168484,sr_legacy_food,"Sweet potato, boiled, without skin",11,2019-04-01,,,90
170088,sr_legacy_food,"Sweet potato, candied",11,2019-04-01,,,30
168482,sr_legacy_food,"Sweet potato, raw",11,2019-04-01,,,90
168486,sr_legacy_food,Taro,11,2019-04-01,,,90
168488,sr_legacy_food,Taro leaves,11,2019-04-01,,,90
168487,sr_legacy_food,"Taro leaves, raw",11,2019-04-01,,,90
169309,sr_legacy_food,Taro shoots,11,2019-04-01,,,90
168489,sr_legacy_food,"Taro shoots, raw",11,2019-04-01,,,90
169308,sr_legacy_food,"Taro, raw",11,2019-04-01,,,90
170455,sr_legacy_food,"Taro, tahitian",11,2019-04-01,,,90
169310,sr_legacy_food,"Taro, tahitian, raw",11,2019-04-01,,,90
168566,sr_legacy_food,Tomatillos,11,2019-04-01,,,90
170459,sr_legacy_food,Tomato paste,11,2019-04-01,,,70
170461,sr_legacy_food,Tomato powder,11,2019-04-01,,,70
170460,sr_legacy_food,Tomato puree,11,2019-04-01,,,70
169074,sr_legacy_food,Tomato sauce,11,2019-04-01,,,60
170457,sr_legacy_food,Tomatoes,11,2019-04-01,,,90
170050,sr_legacy_food,"Tomatoes, cooked",11,2019-04-01,,,90
170501,sr_legacy_food,"Tomatoes, crushed",11,2019-04-01,,,70
170456,sr_legacy_food,"Tomatoes, green",11,2019-04-01,,,90
170502,sr_legacy_food,"Tomatoes, orange",11,2019-04-01,,,90
168567,sr_legacy_food,"Tomatoes, sun-dried",11,2019-04-01,,,80
170096,sr_legacy_food,"Tomatoes, yellow",11,2019-04-01,,,90
170464,sr_legacy_food,Tree fern,11,2019-04-01,,,90
170466,sr_legacy_food,Turnip greens,11,2019-04-01,,,90
170061,sr_legacy_food,"Turnip greens, raw",11,2019-04-01,,,90
170058,sr_legacy_food,Turnips,11,2019-04-01,,,90
170465,sr_legacy_food,"Turnips, raw",11,2019-04-01,,,90
170474,sr_legacy_food,"Vinespinach, (basella), raw",11,2019-04-01,,,90
168583,sr_legacy_food,Wasabi,11,2019-04-01,,,90
169302,sr_legacy_food,Water convolvulus,11,2019-04-01,,,90
169301,sr_legacy_food,"Water convolvulus,raw",11,2019-04-01,,,90
170067,sr_legacy_food,Waterchestnuts,11,2019-04-01,,,90
170066,sr_legacy_food,"Waterchestnuts, raw",11,2019-04-01,,,90
170068,sr_legacy_food,"Watercress, raw",11,2019-04-01,,,90
170475,sr_legacy_food,Waxgourd,11,2019-04-01,,,90
170069,sr_legacy_food,"Waxgourd, raw",11,2019-04-01,,,90
170478,sr_legacy_food,Winged bean leaves,11,2019-04-01,,,90
170070,sr_legacy_food,Winged bean tuber,11,2019-04-01,,,90
170477,sr_legacy_food,Winged beans,11,2019-04-01,,,90
170476,sr_legacy_food,"Winged beans, raw",11,2019-04-01,,,90
170072,sr_legacy_food,Yams,11,2019-04-01,,,90
170071,sr_legacy_food,"Yams, raw",11,2019-04-01,,,90
169223,sr_legacy_food,"Yardlong bean, cooked, boiled, drained, without salt",11,2019-04-01,,,90
169222,sr_legacy_food,"Yardlong bean, raw",11,2019-04-01,,,90
169401,sr_legacy_food,"Yautia (tannier), raw",11,2019-04-01,,,90
167717,sr_legacy_food,Yeast extract spread,11,2019-04-01,,,50
169291,sr_legacy_food,Zucchini,11,2019-04-01,,,90
169292,sr_legacy_food,"Zucchini, cooked",11,2019-04-01,,,90
170566,sr_legacy_food,Acorn flour,12,2019-04-01,,,40
170157,sr_legacy_food,Acorns,12,2019-04-01,,,90
170565,sr_legacy_food,"Acorns, dried",12,2019-04-01,,,80
168588,sr_legacy_food,Almond butter,12,2019-04-01,,,80
170160,sr_legacy_food,Almond paste,12,2019-04-01,,,70
170567,sr_legacy_food,Almonds,12,2019-04-01,,,90
170568,sr_legacy_food,"Almonds, blanched",12,2019-04-01,,,80
170158,sr_legacy_food,"Almonds, dry roasted",12,2019-04-01,,,80
168592,sr_legacy_food,"Almonds, honey roasted",12,2019-04-01,,,60
170161,sr_legacy_food,Beechnuts,12,2019-04-01,,,90
170569,sr_legacy_food,Brazil nuts,12,2019-04-01,,,90
170595,sr_legacy_food,Breadfruit seeds,12,2019-04-01,,,80
170145,sr_legacy_food,"Breadfruit seeds, boiled",12,2019-04-01,,,80
170144,sr_legacy_food,"Breadfruit seeds, raw",12,2019-04-01,,,90
170553,sr_legacy_food,Breadnut tree seeds,12,2019-04-01,,,90
170552,sr_legacy_food,"Breadnut tree seeds, raw",12,2019-04-01,,,90
170570,sr_legacy_food,"Butternuts, dried",12,2019-04-01,,,80
170163,sr_legacy_food,Cashew butter,12,2019-04-01,,,80
170162,sr_legacy_food,Cashews,12,2019-04-01,,,90
170571,sr_legacy_food,"Cashews, dry roasted",12,2019-04-01,,,80
170573,sr_legacy_food,Chestnuts,12,2019-04-01,,,90
170166,sr_legacy_food,"Chestnuts, chinese, boiled and steamed",12,2019-04-01,,,90
170165,sr_legacy_food,"Chestnuts, chinese, dried",12,2019-04-01,,,80
170164,sr_legacy_food,"Chestnuts, chinese, raw",12,2019-04-01,,,90
170168,sr_legacy_food,"Chestnuts, european, boiled and steamed",12,2019-04-01,,,90
170167,sr_legacy_food,"Chestnuts, european, dried, peeled",12,2019-04-01,,,80
170576,sr_legacy_food,"Chestnuts, european, dried, unpeeled",12,2019-04-01,,,80
170575,sr_legacy_food,"Chestnuts, european, raw, peeled",12,2019-04-01,,,90
170574,sr_legacy_food,"Chestnuts, european, raw, unpeeled",12,2019-04-01,,,90
170190,sr_legacy_food,"Chestnuts, european, roasted",12,2019-04-01,,,90
168589,sr_legacy_food,"Chestnuts, japanese, boiled and steamed",12,2019-04-01,,,90
169408,sr_legacy_food,"Chestnuts, japanese, dried",12,2019-04-01,,,80
169413,sr_legacy_food,"Chestnuts, japanese, raw",12,2019-04-01,,,90
168590,sr_legacy_food,"Chestnuts, japanese, roasted",12,2019-04-01,,,90
170554,sr_legacy_food,Chia seeds,12,2019-04-01,,,90
170580,sr_legacy_food,Coconut cream,12,2019-04-01,,,80
170170,sr_legacy_food,Coconut flakes,12,2019-04-01,,,80
170579,sr_legacy_food,"Coconut flakes, toasted",12,2019-04-01,,,80
170169,sr_legacy_food,Coconut meat,12,2019-04-01,,,90
168585,sr_legacy_food,"Coconut meat, dried, creamed",12,2019-04-01,,,80
170172,sr_legacy_food,Coconut milk,12,2019-04-01,,,80
170173,sr_legacy_food,"Coconut milk, canned",12,2019-04-01,,,70
170174,sr_legacy_food,Coconut water,12,2019-04-01,,,90
169414,sr_legacy_food,Flaxseed,12,2019-04-01,,,90
170175,sr_legacy_food,Ginkgo nuts,12,2019-04-01,,,90
170176,sr_legacy_food,"Ginkgo nuts, canned",12,2019-04-01,,,70
170584,sr_legacy_food,"Ginkgo nuts, raw",12,2019-04-01,,,90
170583,sr_legacy_food,Hazelnuts,12,2019-04-01,,,90
170582,sr_legacy_food,"Hazelnuts, blanched",12,2019-04-01,,,90
170581,sr_legacy_food,"Hazelnuts, raw",12,2019-04-01,,,90
170148,sr_legacy_food,Hemp seeds,12,2019-04-01,,,90
170177,sr_legacy_food,"Hickorynuts, dried",12,2019-04-01,,,90
170149,sr_legacy_food,Lotus seeds,12,2019-04-01,,,90
168591,sr_legacy_food,"Lotus seeds, raw",12,2019-04-01,,,90
170179,sr_legacy_food,Macadamia nuts,12,2019-04-01,,,90
170178,sr_legacy_food,"Macadamia nuts, raw",12,2019-04-01,,,90
170585,sr_legacy_food,"Mixed nuts, dry roasted, with peanuts",12,2019-04-01,,,80
170183,sr_legacy_food,Pecans,12,2019-04-01,,,90
170182,sr_legacy_food,"Pecans, raw",12,2019-04-01,,,90
170590,sr_legacy_food,"Pilinuts, dried",12,2019-04-01,,,90
170591,sr_legacy_food,"Pine nuts, dried",12,2019-04-01,,,90
170592,sr_legacy_food,"Pinyon pine nuts, dried",12,2019-04-01,,,90
170185,sr_legacy_food,Pistachio nuts,12,2019-04-01,,,90
170184,sr_legacy_food,"Pistachio nuts, raw",12,2019-04-01,,,90
170558,sr_legacy_food,"Safflower seed kernels, dried",12,2019-04-01,,,90
170191,sr_legacy_food,"Sesame butter, paste",12,2019-04-01,,,80
169412,sr_legacy_food,Sesame seeds,12,2019-04-01,,,90
170152,sr_legacy_food,"Sesame seeds, toasted",12,2019-04-01,,,90
170150,sr_legacy_food,"Sesame seeds, whole",12,2019-04-01,,,90
170151,sr_legacy_food,"Sesame seeds, whole, roasted/toasted",12,2019-04-01,,,90
168587,sr_legacy_food,"Sisymbrium seeds, whole, dried",12,2019-04-01,,,90
170155,sr_legacy_food,Sunflower seed butter,12,2019-04-01,,,80
170156,sr_legacy_food,"Sunflower seed flour, partially defatted",12,2019-04-01,,,70
170563,sr_legacy_food,Sunflower seeds,12,2019-04-01,,,90
170562,sr_legacy_food,"Sunflower seeds, dried",12,2019-04-01,,,90
170564,sr_legacy_food,"Sunflower seeds, oil roasted",12,2019-04-01,,,80
170154,sr_legacy_food,"Sunflower seeds, toasted",12,2019-04-01,,,80
170189,sr_legacy_food,Tahini,12,2019-04-01,,,80
170187,sr_legacy_food,Walnuts,12,2019-04-01,,,90
170186,sr_legacy_food,"Walnuts, black, dried",12,2019-04-01,,,90
170594,sr_legacy_food,"Walnuts, dry roasted",12,2019-04-01,,,80
170593,sr_legacy_food,"Walnuts, glazed",12,2019-04-01,,,60
169407,sr_legacy_food,Watermelon seeds,12,2019-04-01,,,90
170198,sr_legacy_food,Beef bacon,13,2019-04-01,,2.4,80
170197,sr_legacy_food,"Beef bacon, raw",13,2019-04-01,,2.2,100
168665,sr_legacy_food,Beef brisket,13,2019-04-01,,3.9,100
169488,sr_legacy_food,Beef brisket flat,13,2019-04-01,,3.8,100
168666,sr_legacy_food,"Beef brisket flat, raw",13,2019-04-01,,3.2,100
169490,sr_legacy_food,Beef brisket point,13,2019-04-01,,4,100
169489,sr_legacy_food,"Beef brisket point, raw",13,2019-04-01,,3.4,100
173976,sr_legacy_food,"Beef brisket, grass-fed, raw",13,2019-04-01,,3.5,100
168664,sr_legacy_food,"Beef brisket, raw",13,2019-04-01,,3.5,100
174026,sr_legacy_food,"Beef chuck, top blade",13,2019-04-01,,2.5,100
171728,sr_legacy_food,"Beef fat, grass-fed",13,2019-04-01,,0.5,100
171730,sr_legacy_food,"Beef fat, wagyu, raw",13,2019-04-01,,0.5,100
168625,sr_legacy_food,"Beef heart, raw",13,2019-04-01,,4.5,100
169448,sr_legacy_food,"Beef heart, simmered",13,2019-04-01,,5,100
169449,sr_legacy_food,"Beef kidney, raw",13,2019-04-01,,1.2,100
169450,sr_legacy_food,"Beef kidney, simmered",13,2019-04-01,,1.5,100
168626,sr_legacy_food,"Beef liver, braised",13,2019-04-01,,1,100
168627,sr_legacy_food,"Beef liver, pan-fried",13,2019-04-01,,1,100
169451,sr_legacy_food,"Beef liver, raw",13,2019-04-01,,0.9,100
168650,sr_legacy_food,"Beef patty, 70/30",13,2019-04-01,,2.6,80
174039,sr_legacy_food,"Beef patty, 75/25",13,2019-04-01,,2.4,80
171798,sr_legacy_food,"Beef patty, 80/20",13,2019-04-01,,2.2,80
174033,sr_legacy_food,"Beef patty, 85/15",13,2019-04-01,,2,80
171793,sr_legacy_food,"Beef patty, 90/10",13,2019-04-01,,1.7,90
174753,sr_legacy_food,"Beef patty, 93/7",13,2019-04-01,,1.5,90
171792,sr_legacy_food,"Beef patty, 95/5",13,2019-04-01,,1.3,90
173113,sr_legacy_food,"Beef patty, 97/3",13,2019-04-01,,1.1,100
170196,sr_legacy_food,"Beef tongue, raw",13,2019-04-01,,6,100
170598,sr_legacy_food,"Beef tongue, simmered",13,2019-04-01,,7,100
170599,sr_legacy_food,"Beef tripe, raw",13,2019-04-01,,4.5,100
174769,sr_legacy_food,"Beef tripe, simmered",13,2019-04-01,,5.5,100
168667,sr_legacy_food,"Beef, arm pot roast",13,2019-04-01,,3,90
169491,sr_legacy_food,"Beef, arm pot roast, raw",13,2019-04-01,,2.6,100
172166,sr_legacy_food,"Beef, back ribs",13,2019-04-01,,4,90
172169,sr_legacy_food,"Beef, back ribs, raw",13,2019-04-01,,3.5,100
169494,sr_legacy_food,"Beef, blade roast",13,2019-04-01,,3,90
169493,sr_legacy_food,"Beef, blade roast, raw",13,2019-04-01,,2.6,100
168696,sr_legacy_food,"Beef, bottom round roast",13,2019-04-01,,2.3,90
169520,sr_legacy_food,"Beef, bottom round steak",13,2019-04-01,,2.3,90
169519,sr_legacy_food,"Beef, bottom round steak, raw",13,2019-04-01,,2,100
171227,sr_legacy_food,"Beef, chuck eye country-style ribs",13,2019-04-01,,3.2,90
170831,sr_legacy_food,"Beef, chuck eye country-style ribs, raw",13,2019-04-01,,2.8,100
170820,sr_legacy_food,"Beef, chuck eye roast",13,2019-04-01,,2.8,90
168660,sr_legacy_food,"Beef, chuck eye roast, raw",13,2019-04-01,,2.4,100
171228,sr_legacy_food,"Beef, chuck eye steak",13,2019-04-01,,2.5,90
171231,sr_legacy_food,"Beef, chuck eye steak, raw",13,2019-04-01,,2.2,100
174027,sr_legacy_food,"Beef, clod roast, roasted",13,2019-04-01,,2.8,90
170816,sr_legacy_food,"Beef, denver steak",13,2019-04-01,,2.3,90
171213,sr_legacy_food,"Beef, denver steak, raw",13,2019-04-01,,2,100
169524,sr_legacy_food,"Beef, eye of round roast",13,2019-04-01,,2.2,90
169523,sr_legacy_food,"Beef, eye of round roast, raw",13,2019-04-01,,2,100
173993,sr_legacy_food,"Beef, eye of round steak",13,2019-04-01,,2.2,90
173984,sr_legacy_food,"Beef, eye of round steak, raw",13,2019-04-01,,2,100
168733,sr_legacy_food,"Beef, flank steak",13,2019-04-01,,2,90
169563,sr_legacy_food,"Beef, flank steak, raw",13,2019-04-01,,1.8,100
173368,sr_legacy_food,"Beef, flat iron steak",13,2019-04-01,,2.5,90
172134,sr_legacy_food,"Beef, flat iron steak, raw",13,2019-04-01,,2.2,100
171787,sr_legacy_food,"Beef, inside skirt steak, broiled",13,2019-04-01,,2.8,90
172158,sr_legacy_food,"Beef, inside skirt steak, raw",13,2019-04-01,,2.4,100
173370,sr_legacy_food,"Beef, knuckle tip center steak",13,2019-04-01,,2.1,90
173369,sr_legacy_food,"Beef, knuckle tip center steak, raw",13,2019-04-01,,2,100
172131,sr_legacy_food,"Beef, knuckle tip side steak",13,2019-04-01,,2.1,90
173367,sr_legacy_food,"Beef, knuckle tip side steak, raw",13,2019-04-01,,2,100
170821,sr_legacy_food,"Beef, mock tender steak",13,2019-04-01,,2.2,90
174025,sr_legacy_food,"Beef, mock tender steak",13,2019-04-01,,2.2,90
170824,sr_legacy_food,"Beef, mock tender steak, raw",13,2019-04-01,,2,100
172135,sr_legacy_food,"Beef, outside round steak",13,2019-04-01,,2.2,90
173371,sr_legacy_food,"Beef, outside round steak, raw",13,2019-04-01,,2,100
173397,sr_legacy_food,"Beef, outside skirt steak",13,2019-04-01,,2.8,90
171788,sr_legacy_food,"Beef, outside skirt steak, broiled",13,2019-04-01,,2.8,90
173400,sr_legacy_food,"Beef, outside skirt steak, raw",13,2019-04-01,,2.4,100
172115,sr_legacy_food,"Beef, porterhouse steak",13,2019-04-01,,1.8,90
173350,sr_legacy_food,"Beef, porterhouse steak, raw",13,2019-04-01,,1.7,100
170813,sr_legacy_food,"Beef, pot roast/steak, under blade, raw",13,2019-04-01,,2.8,100
172150,sr_legacy_food,"Beef, ribeye roast, bone-in, lip-on",13,2019-04-01,,2,90
172153,sr_legacy_food,"Beef, ribeye roast, boneless, lip-on",13,2019-04-01,,2,90
173392,sr_legacy_food,"Beef, ribeye steak",13,2019-04-01,,2,90
172164,sr_legacy_food,"Beef, ribeye steak, bone-in, lip-off",13,2019-04-01,,1.8,90
173402,sr_legacy_food,"Beef, ribeye steak, bone-in, lip-off, raw",13,2019-04-01,,1.7,100
173387,sr_legacy_food,"Beef, ribeye steak, bone-in, lip-on",13,2019-04-01,,2,90
173975,sr_legacy_food,"Beef, ribeye steak, grass-fed, raw",13,2019-04-01,,1.8,100
172151,sr_legacy_food,"Beef, ribeye steak/roast, bone-in, lip-on, raw",13,2019-04-01,,1.8,100
172156,sr_legacy_food,"Beef, ribeye steak/roast, boneless, lip-on, raw",13,2019-04-01,,1.7,100
168682,sr_legacy_food,"Beef, ribs, large end, 6–9",13,2019-04-01,,4,90
168681,sr_legacy_food,"Beef, ribs, large end, 6–9, broiled",13,2019-04-01,,4,90
168680,sr_legacy_food,"Beef, ribs, large end, 6–9, raw",13,2019-04-01,,3.5,100
169557,sr_legacy_food,"Beef, ribs, ribeye small end",13,2019-04-01,,3.8,90
169511,sr_legacy_food,"Beef, ribs, small end, 10–12",13,2019-04-01,,3.8,90
169510,sr_legacy_food,"Beef, ribs, small end, 10–12, broiled",13,2019-04-01,,3.8,90
169509,sr_legacy_food,"Beef, ribs, small end, 10–12, raw",13,2019-04-01,,3.5,100
169500,sr_legacy_food,"Beef, ribs, whole, 6–12",13,2019-04-01,,4,90
169499,sr_legacy_food,"Beef, ribs, whole, 6–12, broiled",13,2019-04-01,,4,90
169498,sr_legacy_food,"Beef, ribs, whole, 6–12, raw",13,2019-04-01,,3.6,100
171222,sr_legacy_food,"Beef, short ribs, boneless",13,2019-04-01,,4.5,90
170826,sr_legacy_food,"Beef, short ribs, boneless, raw",13,2019-04-01,,3.8,100
171224,sr_legacy_food,"Beef, shoulder pot roast",13,2019-04-01,,2.8,90
173349,sr_legacy_food,"Beef, shoulder pot roast/steak, raw",13,2019-04-01,,2.5,100
171789,sr_legacy_food,"Beef, shoulder steak",13,2019-04-01,,2.4,90
173366,sr_legacy_food,"Beef, shoulder tender (petite tender) medallions",13,2019-04-01,,2.2,90
173365,sr_legacy_food,"Beef, shoulder tender (petite tender) medallions, raw",13,2019-04-01,,2,100
169479,sr_legacy_food,"Beef, shoulder top blade steak",13,2019-04-01,,2.5,90
168693,sr_legacy_food,"Beef, shoulder top blade steak, raw",13,2019-04-01,,2.2,100
172133,sr_legacy_food,"Beef, shoulder top/center steak",13,2019-04-01,,2.3,90
172132,sr_legacy_food,"Beef, shoulder top/center steak, raw",13,2019-04-01,,2,100
173395,sr_legacy_food,"Beef, skirt steak",13,2019-04-01,,2.8,90
168727,sr_legacy_food,"Beef, steak",13,2019-04-01,,1.8,90
169550,sr_legacy_food,"Beef, steak, pan-fried",13,2019-04-01,,1.8,90
168726,sr_legacy_food,"Beef, steak, raw",13,2019-04-01,,1.7,100
171203,sr_legacy_food,"Beef, stew beef",13,2019-04-01,,3,90
171206,sr_legacy_food,"Beef, stew beef, raw",13,2019-04-01,,2.5,100
173351,sr_legacy_food,"Beef, t-bone steak",13,2019-04-01,,1.8,90
172118,sr_legacy_food,"Beef, t-bone steak, raw",13,2019-04-01,,1.7,100
169544,sr_legacy_food,"Beef, tenderloin roast",13,2019-04-01,,1.6,90
173987,sr_legacy_food,"Beef, tenderloin roast, raw",13,2019-04-01,,1.5,100
169543,sr_legacy_food,"Beef, tenderloin steak",13,2019-04-01,,1.6,90
173969,sr_legacy_food,"Beef, tenderloin steak, grass-fed, raw",13,2019-04-01,,1.5,100
169542,sr_legacy_food,"Beef, tenderloin steak, raw",13,2019-04-01,,1.5,100
173988,sr_legacy_food,"Beef, tenderloin steak, raw",13,2019-04-01,,1.5,100
169526,sr_legacy_food,"Beef, tip round roast",13,2019-04-01,,2.3,100
169470,sr_legacy_food,"Beef, tip round roast (raw)",13,2019-04-01,,2,100
169525,sr_legacy_food,"Beef, tip round roast, raw",13,2019-04-01,,2,100
173063,sr_legacy_food,"Beef, top loin filet",13,2019-04-01,,1.7,100
174708,sr_legacy_food,"Beef, top loin petite roast",13,2019-04-01,,1.7,100
174711,sr_legacy_food,"Beef, top loin petite roast/filet, raw",13,2019-04-01,,1.6,100
169539,sr_legacy_food,"Beef, top loin steak",13,2019-04-01,,1.7,100
171733,sr_legacy_food,"Beef, top loin steak, grass-fed, raw",13,2019-04-01,,1.6,100
174714,sr_legacy_food,"Beef, top loin steak, lip-on",13,2019-04-01,,1.8,100
171775,sr_legacy_food,"Beef, top loin steak, lip-on, raw",13,2019-04-01,,1.7,100
169538,sr_legacy_food,"Beef, top loin steak, raw",13,2019-04-01,,1.7,100
169531,sr_legacy_food,"Beef, top round steak",13,2019-04-01,,2.2,100
173977,sr_legacy_food,"Beef, top round steak, grass-fed, raw",13,2019-04-01,,2,100
169529,sr_legacy_food,"Beef, top round steak, raw",13,2019-04-01,,2,100
169530,sr_legacy_food,"Beef, top round, braised",13,2019-04-01,,2.3,100
173061,sr_legacy_food,"Beef, top sirloin cap steak",13,2019-04-01,,1.8,100
174706,sr_legacy_food,"Beef, top sirloin cap steak, raw",13,2019-04-01,,1.7,100
171739,sr_legacy_food,"Beef, top sirloin steak, grass-fed, raw",13,2019-04-01,,1.7,100
169558,sr_legacy_food,"Beef, tri-tip",13,2019-04-01,,2.3,100
174024,sr_legacy_food,"Beef, tri-tip steak",13,2019-04-01,,2.2,100
168734,sr_legacy_food,"Beef, tri-tip, raw",13,2019-04-01,,2,100
171217,sr_legacy_food,"Beef, under blade steak",13,2019-04-01,,3,100
171740,sr_legacy_food,"Beef, wagyu ribeye steak, raw",13,2019-04-01,,1.7,100
171732,sr_legacy_food,"Beef, wagyu tenderloin steak, raw",13,2019-04-01,,1.5,100
173978,sr_legacy_food,"Beef, wagyu top loin steak, raw",13,2019-04-01,,1.6,100
170200,sr_legacy_food,Corned beef brisket,13,2019-04-01,,3.5,60
170199,sr_legacy_food,"Corned beef brisket, raw",13,2019-04-01,,3.2,60
172161,sr_legacy_food,Ground beef,13,2019-04-01,,2.2,80
169473,sr_legacy_food,"Ground beef, 70/30",13,2019-04-01,,2.6,80
169474,sr_legacy_food,"Ground beef, 70/30, baked",13,2019-04-01,,2.5,80
168652,sr_legacy_food,"Ground beef, 70/30, raw",13,2019-04-01,,2.4,80
174040,sr_legacy_food,"Ground beef, 75/25",13,2019-04-01,,2.4,80
171801,sr_legacy_food,"Ground beef, 75/25, baked",13,2019-04-01,,2.3,80
174037,sr_legacy_food,"Ground beef, 75/25, raw",13,2019-04-01,,2.2,80
171799,sr_legacy_food,"Ground beef, 80/20",13,2019-04-01,,2.2,80
171800,sr_legacy_food,"Ground beef, 80/20, baked",13,2019-04-01,,2.1,80
174036,sr_legacy_food,"Ground beef, 80/20, raw",13,2019-04-01,,2,80
174034,sr_legacy_food,"Ground beef, 85/15",13,2019-04-01,,2,80
174035,sr_legacy_food,"Ground beef, 85/15, baked",13,2019-04-01,,1.9,80
173068,sr_legacy_food,"Ground beef, 85/15, grass-fed, raw",13,2019-04-01,,2.2,90
171796,sr_legacy_food,"Ground beef, 85/15, raw",13,2019-04-01,,1.8,80
171794,sr_legacy_food,"Ground beef, 90/10",13,2019-04-01,,1.7,80
171795,sr_legacy_food,"Ground beef, 90/10, baked",13,2019-04-01,,1.6,80
174030,sr_legacy_food,"Ground beef, 90/10, raw",13,2019-04-01,,1.6,80
174755,sr_legacy_food,"Ground beef, 93/7",13,2019-04-01,,1.5,80
174754,sr_legacy_food,"Ground beef, 93/7, baked",13,2019-04-01,,1.4,80
173110,sr_legacy_food,"Ground beef, 93/7, raw",13,2019-04-01,,1.4,80
174028,sr_legacy_food,"Ground beef, 95/5",13,2019-04-01,,1.3,80
174029,sr_legacy_food,"Ground beef, 95/5, baked",13,2019-04-01,,1.2,80
171790,sr_legacy_food,"Ground beef, 95/5, raw",13,2019-04-01,,1.2,100
174756,sr_legacy_food,"Ground beef, 97/3",13,2019-04-01,,1.1,90
173114,sr_legacy_food,"Ground beef, 97/3, baked",13,2019-04-01,,1.1,90
173111,sr_legacy_food,"Ground beef, 97/3, raw",13,2019-04-01,,1,100
168608,sr_legacy_food,"Ground beef, grass-fed, raw",13,2019-04-01,,2.2,100
171208,sr_legacy_food,"Pot roast, under blade",13,2019-04-01,,3.2,90
170600,sr_legacy_food,"Sandwich steak, chopped, raw",13,2019-04-01,,2,90
171729,sr_legacy_food,"Seam fat, grass-fed, raw",13,2019-04-01,,0.5,100
174832,sr_legacy_food,Almond milk,14,2019-04-01,,,40
174820,sr_legacy_food,"Almond milk, chocolate",14,2019-04-01,,,30
174131,sr_legacy_food,Aloe Vera Juice,14,2019-04-01,,,30
174171,sr_legacy_food,AMP Energy Drink,14,2019-04-01,,,20
171936,sr_legacy_food,"AMP Energy Drink, sugar free",14,2019-04-01,,,20
168746,sr_legacy_food,Beer,14,2019-04-01,,,60
171906,sr_legacy_food,"Beer, IPA",14,2019-04-01,,,60
168749,sr_legacy_food,"Beer, light",14,2019-04-01,,,50
169575,sr_legacy_food,"Beer, light",14,2019-04-01,,,50
175093,sr_legacy_food,"Beverages, cola",14,2019-04-01,,,20
169572,sr_legacy_food,Bud Light,14,2019-04-01,,,50
168747,sr_legacy_food,Budweiser beer,14,2019-04-01,,,60
168748,sr_legacy_food,Budweiser Select,14,2019-04-01,,,50
174842,sr_legacy_food,Club Soda,14,2019-04-01,,,90
174831,sr_legacy_food,"Coconut water, ready-to-drink",14,2019-04-01,,,50
171881,sr_legacy_food,Coffee,14,2019-04-01,,,90
175098,sr_legacy_food,"Coffee liqeur with cream, 34 proof",14,2019-04-01,,,40
175097,sr_legacy_food,"Coffee liqeur, 53 proof",14,2019-04-01,,,40
171891,sr_legacy_food,"Coffee, espresso",14,2019-04-01,,,90
174852,sr_legacy_food,Cola,14,2019-04-01,,,20
169574,sr_legacy_food,Daiquiri,14,2019-04-01,,,30
174821,sr_legacy_food,Energy drink,14,2019-04-01,,,20
174822,sr_legacy_food,"Energy drink, sugar free",14,2019-04-01,,,20
174846,sr_legacy_food,Ginger ale,14,2019-04-01,,,30
171941,sr_legacy_food,Horchata,14,2019-04-01,,,30
169044,sr_legacy_food,"Juice, orange",14,2019-04-01,,,50
174859,sr_legacy_food,Lemonade,14,2019-04-01,,,30
171875,sr_legacy_food,Limeade,14,2019-04-01,,,30
171935,sr_legacy_food,Monster Energy Drink,14,2019-04-01,,,20
168752,sr_legacy_food,Pina Colada,14,2019-04-01,,,30
173181,sr_legacy_food,"Protein powder, soy",14,2019-04-01,,,50
173180,sr_legacy_food,"Protein powder, whey",14,2019-04-01,,,60
173177,sr_legacy_food,"Protein powder, whey isolate",14,2019-04-01,,,70
173210,sr_legacy_food,Red Bull Energy Drink,14,2019-04-01,,,20
171870,sr_legacy_food,"Red Bull Energy Drink, sugar free",14,2019-04-01,,,20
171942,sr_legacy_food,Rice milk,14,2019-04-01,,,40
171937,sr_legacy_food,Rockstar Energy Drink,14,2019-04-01,,,20
171938,sr_legacy_food,"Rockstar Energy Drink, sugar free",14,2019-04-01,,,20
171871,sr_legacy_food,Root beer,14,2019-04-01,,,20
174817,sr_legacy_food,"Rum, 80 proof",14,2019-04-01,,,80
167723,sr_legacy_food,Sake,14,2019-04-01,,,20
173199,sr_legacy_food,"Soda, cream",14,2019-04-01,,,20
173203,sr_legacy_food,"Soda, grape",14,2019-04-01,,,20
173205,sr_legacy_food,"Soda, lemon-lime",14,2019-04-01,,,20
174854,sr_legacy_food,"Soda, orange",14,2019-04-01,,,20
173206,sr_legacy_food,"Sprite, caffeine-free",14,2019-04-01,,,20
175102,sr_legacy_food,Strawberry shake,14,2019-04-01,,,20
174117,sr_legacy_food,"Syrup, chocolate",14,2019-04-01,,,30
174155,sr_legacy_food,"Tea, black",14,2019-04-01,,,90
174156,sr_legacy_food,"Tea, chamomile",14,2019-04-01,,,90
171917,sr_legacy_food,"Tea, green",14,2019-04-01,,,90
171946,sr_legacy_food,"Tea, hibiscus",14,2019-04-01,,,90
175088,sr_legacy_food,"Tea, lemon",14,2019-04-01,,,90
174120,sr_legacy_food,"Tea, oolong",14,2019-04-01,,,90
171869,sr_legacy_food,Tonic water,14,2019-04-01,,,40
173226,sr_legacy_food,Vanilla shake,14,2019-04-01,,,20
174818,sr_legacy_food,"Vodka, 80 proof",14,2019-04-01,,,80
175096,sr_legacy_food,Water,14,2019-04-01,,,100
173662,sr_legacy_food,Whiskey sour,14,2019-04-01,,,20
174819,sr_legacy_food,"Whiskey, 86 proof",14,2019-04-01,,,80
173185,sr_legacy_food,Wine,14,2019-04-01,,,80
169070,sr_legacy_food,"Wine, cooking",14,2019-04-01,,,70
173190,sr_legacy_food,"Wine, red",14,2019-04-01,,,80
171908,sr_legacy_food,"Wine, rose",14,2019-04-01,,,80
174837,sr_legacy_food,"Wine, white",14,2019-04-01,,,80
174825,sr_legacy_food,Zevia cola,14,2019-04-01,,,30
174213,sr_legacy_food,"Abalone, fried",15,2019-04-01,,1,80
174212,sr_legacy_food,"Abalone, raw",15,2019-04-01,,0.9,90
174243,sr_legacy_food,American shad,15,2019-04-01,,1,90
173696,sr_legacy_food,"American shad, raw",15,2019-04-01,,0.9,90
174183,sr_legacy_food,Anchovy,15,2019-04-01,,1.5,90
174182,sr_legacy_food,"Anchovy, raw",15,2019-04-01,,1.3,90
171957,sr_legacy_food,"Atlantic croaker, fried",15,2019-04-01,,0.7,80
174192,sr_legacy_food,"Atlantic croaker, raw",15,2019-04-01,,0.8,90
174247,sr_legacy_food,Atlantic wolffish,15,2019-04-01,,1,90
175162,sr_legacy_food,"Atlantic wolffish, raw",15,2019-04-01,,0.9,90
171989,sr_legacy_food,"Bass, freshwater",15,2019-04-01,,1,90
174184,sr_legacy_food,"Bass, freshwater, raw",15,2019-04-01,,0.9,90
174228,sr_legacy_food,"Bass, striped",15,2019-04-01,,1,90
171948,sr_legacy_food,"Bass, striped, raw",15,2019-04-01,,0.9,90
174217,sr_legacy_food,Blue mussel,15,2019-04-01,,1.5,90
174216,sr_legacy_food,"Blue mussel, raw",15,2019-04-01,,1.4,90
174229,sr_legacy_food,Bluefish,15,2019-04-01,,1,90
171949,sr_legacy_food,"Bluefish, raw",15,2019-04-01,,0.9,90
174230,sr_legacy_food,Burbot,15,2019-04-01,,1,90
171950,sr_legacy_food,"Burbot, raw",15,2019-04-01,,0.9,90
174231,sr_legacy_food,Butterfish,15,2019-04-01,,0.9,90
171951,sr_legacy_food,"Butterfish, raw",15,2019-04-01,,0.8,90
173709,sr_legacy_food,Canned tuna,15,2019-04-01,,0.9,70
175158,sr_legacy_food,Canned white tuna,15,2019-04-01,,0.9,70
174185,sr_legacy_food,Carp,15,2019-04-01,,1,90
171952,sr_legacy_food,"Carp, raw",15,2019-04-01,,0.9,90
173714,sr_legacy_food,"Catfish, channel",15,2019-04-01,,1,90
175166,sr_legacy_food,"Catfish, channel, farmed",15,2019-04-01,,1,80
175165,sr_legacy_food,"Catfish, channel, farmed, raw",15,2019-04-01,,0.9,80
174187,sr_legacy_food,"Catfish, channel, fried",15,2019-04-01,,0.8,40
174186,sr_legacy_food,"Catfish, channel, raw",15,2019-04-01,,0.9,90
174188,sr_legacy_food,"Caviar, black and red",15,2019-04-01,,1,100
171954,sr_legacy_food,Cisco,15,2019-04-01,,1,90
171953,sr_legacy_food,"Cisco, raw",15,2019-04-01,,0.9,90
171975,sr_legacy_food,Clam,15,2019-04-01,,1,90
171974,sr_legacy_food,"Clam, fried",15,2019-04-01,,0.8,40
174214,sr_legacy_food,"Clam, raw",15,2019-04-01,,0.9,90
173720,sr_legacy_food,Conch,15,2019-04-01,,1.2,90
174202,sr_legacy_food,"Crab, Alaska king",15,2019-04-01,,2.2,90
175164,sr_legacy_food,"Crab, alaska king, raw",15,2019-04-01,,1.8,90
174205,sr_legacy_food,"Crab, blue",15,2019-04-01,,2.2,90
171966,sr_legacy_food,"Crab, blue, canned",15,2019-04-01,,2,70
174204,sr_legacy_food,"Crab, blue, raw",15,2019-04-01,,1.8,90
172007,sr_legacy_food,"Crab, dungeness",15,2019-04-01,,2.2,90
171968,sr_legacy_food,"Crab, dungeness, raw",15,2019-04-01,,1.8,90
172008,sr_legacy_food,"Crab, queen",15,2019-04-01,,2,90
171969,sr_legacy_food,"Crab, queen, raw",15,2019-04-01,,1.7,90
174207,sr_legacy_food,Crayfish,15,2019-04-01,,2.1,90
175170,sr_legacy_food,"Crayfish, farmed",15,2019-04-01,,2.1,80
175169,sr_legacy_food,"Crayfish, farmed, raw",15,2019-04-01,,1.7,90
174206,sr_legacy_food,"Crayfish, raw",15,2019-04-01,,1.7,90
171991,sr_legacy_food,Cusk,15,2019-04-01,,0.9,90
171958,sr_legacy_food,"Cusk, raw",15,2019-04-01,,0.8,90
172010,sr_legacy_food,Cuttlefish,15,2019-04-01,,1.5,90
174215,sr_legacy_food,"Cuttlefish, raw",15,2019-04-01,,1.4,90
174194,sr_legacy_food,Eel,15,2019-04-01,,1.7,90
174193,sr_legacy_food,"Eel, raw",15,2019-04-01,,1.5,90
174245,sr_legacy_food,European turbot,15,2019-04-01,,1,90
173710,sr_legacy_food,"European turbot, raw",15,2019-04-01,,0.9,90
174239,sr_legacy_food,Fish roe,15,2019-04-01,,2,90
175132,sr_legacy_food,"Fish roe, raw",15,2019-04-01,,1.8,90
174195,sr_legacy_food,Fish sticks,15,2019-04-01,,0.8,40
171956,sr_legacy_food,"Fish, atlantic cod",15,2019-04-01,,0.9,90
174189,sr_legacy_food,"Fish, atlantic cod, canned",15,2019-04-01,,1,80
174190,sr_legacy_food,"Fish, atlantic cod, dried and salted",15,2019-04-01,,1.2,70
171955,sr_legacy_food,"Fish, atlantic cod, raw",15,2019-04-01,,0.8,90
175178,sr_legacy_food,"Fish, pacific cod",15,2019-04-01,,0.9,90
171990,sr_legacy_food,"Fish, pacific cod, cooked with dry heat",15,2019-04-01,,0.9,90
174191,sr_legacy_food,"Fish, pacific cod, raw",15,2019-04-01,,0.8,90
174197,sr_legacy_food,"Flatfish, flounder/sole",15,2019-04-01,,0.9,90
174196,sr_legacy_food,"Flatfish, flounder/sole, raw",15,2019-04-01,,0.8,90
171993,sr_legacy_food,Freshwater drum,15,2019-04-01,,0.9,90
171960,sr_legacy_food,"Freshwater drum, raw",15,2019-04-01,,0.8,90
168148,sr_legacy_food,"Frog legs, raw",15,2019-04-01,,1,90
171961,sr_legacy_food,Gefilte fish,15,2019-04-01,,1,40
171963,sr_legacy_food,Grouper,15,2019-04-01,,1,90
171962,sr_legacy_food,"Grouper, raw",15,2019-04-01,,0.9,100
174198,sr_legacy_food,Haddock,15,2019-04-01,,0.9,90
171964,sr_legacy_food,"Haddock, raw",15,2019-04-01,,0.8,100
174199,sr_legacy_food,"Haddock, smoked",15,2019-04-01,,1,80
174201,sr_legacy_food,"Halibut, Atlantic/Pacific",15,2019-04-01,,0.9,90
174200,sr_legacy_food,"Halibut, Atlantic/Pacific, raw",15,2019-04-01,,0.8,100
174232,sr_legacy_food,"Halibut, greenland",15,2019-04-01,,0.9,90
171965,sr_legacy_food,"Halibut, greenland, raw",15,2019-04-01,,0.8,100
175117,sr_legacy_food,"Herring, atlantic, cooked",15,2019-04-01,,1.4,90
173668,sr_legacy_food,"Herring, atlantic, kippered",15,2019-04-01,,1.5,80
175118,sr_legacy_food,"Herring, atlantic, pickled",15,2019-04-01,30,1.3,60
175116,sr_legacy_food,"Herring, atlantic, raw",15,2019-04-01,,1.2,100
174233,sr_legacy_food,"Herring, pacific",15,2019-04-01,,1.4,90
173669,sr_legacy_food,"Herring, pacific, raw",15,2019-04-01,,1.2,100
174203,sr_legacy_food,"Imitation crab, surimi",15,2019-04-01,,1.5,10
174222,sr_legacy_food,"Imitation scallop, surimi",15,2019-04-01,,1,10
171973,sr_legacy_food,"Imitation shrimp, surimi",15,2019-04-01,,1.5,10
168129,sr_legacy_food,"Jellyfish, dried, salted",15,2019-04-01,,2.5,50
174234,sr_legacy_food,Ling,15,2019-04-01,,1,90
173670,sr_legacy_food,"Ling, raw",15,2019-04-01,,0.9,100
174235,sr_legacy_food,Lingcod,15,2019-04-01,,1,90
173671,sr_legacy_food,"Lingcod, raw",15,2019-04-01,,0.9,100
174209,sr_legacy_food,"Lobster, northern",15,2019-04-01,,2.2,90
174208,sr_legacy_food,"Lobster, northern, raw",15,2019-04-01,,1.8,100
172009,sr_legacy_food,"Lobster, spiny",15,2019-04-01,,2.2,90
174211,sr_legacy_food,"Lobster, spiny, raw",15,2019-04-01,,1.8,100
168149,sr_legacy_food,Mackerel,15,2019-04-01,,1.3,90
175120,sr_legacy_food,"Mackerel, atlantic",15,2019-04-01,,1.2,90
175119,sr_legacy_food,"Mackerel, atlantic, raw",15,2019-04-01,,1,100
175121,sr_legacy_food,"Mackerel, jack, canned",15,2019-04-01,,1.2,70
174236,sr_legacy_food,"Mackerel, king",15,2019-04-01,,1.2,90
175122,sr_legacy_food,"Mackerel, king, raw",15,2019-04-01,,1,100
171994,sr_legacy_food,"Mackerel, pacific/jack",15,2019-04-01,,1.2,90
173672,sr_legacy_food,"Mackerel, pacific/jack, raw",15,2019-04-01,,1,100
173674,sr_legacy_food,"Mackerel, spanish",15,2019-04-01,,1.2,90
173673,sr_legacy_food,"Mackerel, spanish, raw",15,2019-04-01,,1,100
171992,sr_legacy_food,Mahi-mahi,15,2019-04-01,,1,90
171959,sr_legacy_food,"Mahi-mahi, raw",15,2019-04-01,,0.9,100
171995,sr_legacy_food,Milkfish,15,2019-04-01,,1,90
173675,sr_legacy_food,Milkfish,15,2019-04-01,,0.9,90
171996,sr_legacy_food,Monkfish,15,2019-04-01,,1,90
173676,sr_legacy_food,"Monkfish, raw",15,2019-04-01,,0.9,100
175124,sr_legacy_food,"Mullet, striped",15,2019-04-01,,1,90
175123,sr_legacy_food,"Mullet, striped, raw",15,2019-04-01,,0.9,100
174238,sr_legacy_food,Ocean pout,15,2019-04-01,,1,90
173677,sr_legacy_food,"Ocean pout, raw",15,2019-04-01,,0.9,100
174249,sr_legacy_food,Octopus,15,2019-04-01,,2,90
174218,sr_legacy_food,"Octopus, raw",15,2019-04-01,,1.8,100
174251,sr_legacy_food,Orange roughy,15,2019-04-01,,0.9,90
175133,sr_legacy_food,"Orange roughy, raw",15,2019-04-01,,0.8,90
175172,sr_legacy_food,"Oyster, easter, farmed, raw",15,2019-04-01,,1.4,100
175171,sr_legacy_food,"Oyster, eastern",15,2019-04-01,,1.5,90
175173,sr_legacy_food,"Oyster, eastern, farmed",15,2019-04-01,,1.5,90
171978,sr_legacy_food,"Oyster, eastern, raw",15,2019-04-01,,1.4,100
174250,sr_legacy_food,"Oyster, pacific",15,2019-04-01,,1.5,90
174219,sr_legacy_food,"Oyster, pacific, raw",15,2019-04-01,,1.4,100
175131,sr_legacy_food,Pacific rockfish,15,2019-04-01,,0.9,90
173684,sr_legacy_food,"Pacific rockfish, raw",15,2019-04-01,,0.8,90
175126,sr_legacy_food,"Perch, atlantic ocean",15,2019-04-01,,0.9,90
175125,sr_legacy_food,"Perch, atlantic ocean, raw",15,2019-04-01,,0.8,90
173679,sr_legacy_food,"Perch, mixed species",15,2019-04-01,,0.9,90
173678,sr_legacy_food,"Perch, mixed species, raw",15,2019-04-01,,0.8,90
175127,sr_legacy_food,"Pike, northern",15,2019-04-01,,1,90
173680,sr_legacy_food,"Pike, northern, raw",15,2019-04-01,,0.9,90
171997,sr_legacy_food,"Pike, walleye",15,2019-04-01,,1,90
175128,sr_legacy_food,"Pike, walleye, raw",15,2019-04-01,,0.9,90
173726,sr_legacy_food,"Pollock, alaska",15,2019-04-01,,0.9,90
173681,sr_legacy_food,"Pollock, alaska, cooked with dry heat",15,2019-04-01,,0.9,90
173725,sr_legacy_food,"Pollock, alaska, raw",15,2019-04-01,,0.8,90
174237,sr_legacy_food,"Pollock, atlantic",15,2019-04-01,,0.9,90
175129,sr_legacy_food,"Pollock, atlantic, raw",15,2019-04-01,,0.8,90
173683,sr_legacy_food,"Pompano, florida",15,2019-04-01,,0.9,90
173682,sr_legacy_food,"Pompano, florida, raw",15,2019-04-01,,0.8,90
172003,sr_legacy_food,Pumpkinseed sunfish,15,2019-04-01,,1,90
175151,sr_legacy_food,"Pumpkinseed sunfish, raw",15,2019-04-01,,0.9,90
175147,sr_legacy_food,Rainbow smelt,15,2019-04-01,,1,90
175146,sr_legacy_food,"Rainbow smelt, raw",15,2019-04-01,,0.9,90
174240,sr_legacy_food,Sablefish,15,2019-04-01,,1,90
175134,sr_legacy_food,"Sablefish, raw",15,2019-04-01,,0.9,90
173685,sr_legacy_food,"Sablefish, smoked",15,2019-04-01,,1,80
173692,sr_legacy_food,Salmon,15,2019-04-01,,1,90
171998,sr_legacy_food,"Salmon, atlantic",15,2019-04-01,,1,90
175168,sr_legacy_food,"Salmon, atlantic, farmed",15,2019-04-01,,1,90
175167,sr_legacy_food,"Salmon, atlantic, farmed, raw",15,2019-04-01,,0.9,90
173686,sr_legacy_food,"Salmon, atlantic, raw",15,2019-04-01,,0.9,90
171999,sr_legacy_food,"Salmon, chinook",15,2019-04-01,,1,90
173688,sr_legacy_food,"Salmon, chinook, raw",15,2019-04-01,,0.9,90
173687,sr_legacy_food,"Salmon, chinook, smoked",15,2019-04-01,,1,80
172000,sr_legacy_food,"Salmon, chum",15,2019-04-01,,1,90
173689,sr_legacy_food,"Salmon, chum, raw",15,2019-04-01,,0.9,90
173719,sr_legacy_food,"Salmon, coho",15,2019-04-01,,1,90
175137,sr_legacy_food,"Salmon, coho, cooked with moist heat",15,2019-04-01,,1,90
173716,sr_legacy_food,"Salmon, coho, farmed",15,2019-04-01,,1,90
173715,sr_legacy_food,"Salmon, coho, farmed, raw",15,2019-04-01,,0.9,90
175136,sr_legacy_food,"Salmon, coho, raw",15,2019-04-01,,0.9,90
171985,sr_legacy_food,"Salmon, lox, chinook",15,2019-04-01,,1,80
172001,sr_legacy_food,"Salmon, pink",15,2019-04-01,,1,90
175138,sr_legacy_food,"Salmon, pink, raw",15,2019-04-01,,0.9,90
173691,sr_legacy_food,"Salmon, sockeye, raw",15,2019-04-01,,0.9,90
167742,sr_legacy_food,Scallop,15,2019-04-01,,1.5,90
174220,sr_legacy_food,"Scallop, raw",15,2019-04-01,,1.4,100
174241,sr_legacy_food,Scup,15,2019-04-01,,0.9,90
175141,sr_legacy_food,"Scup, raw",15,2019-04-01,,0.8,100
173694,sr_legacy_food,Sea bass,15,2019-04-01,,1,90
175142,sr_legacy_food,"Sea bass, raw",15,2019-04-01,,0.9,100
174242,sr_legacy_food,Seatrout,15,2019-04-01,,1,90
173695,sr_legacy_food,"Seatrout, raw",15,2019-04-01,,0.9,100
175143,sr_legacy_food,"Shark, batter-fried",15,2019-04-01,,0.8,40
173697,sr_legacy_food,"Shark, raw",15,2019-04-01,,0.9,100
175145,sr_legacy_food,Sheepshead,15,2019-04-01,,0.9,90
175144,sr_legacy_food,"Sheepshead, raw",15,2019-04-01,,0.8,100
175180,sr_legacy_food,Shrimp,15,2019-04-01,,2,90
171972,sr_legacy_food,"Shrimp, canned",15,2019-04-01,,2,50
171971,sr_legacy_food,"Shrimp, cooked with moist heat",15,2019-04-01,,2,90
171970,sr_legacy_food,"Shrimp, fried",15,2019-04-01,,1.5,40
175179,sr_legacy_food,"Shrimp, raw",15,2019-04-01,,1.7,100
167744,sr_legacy_food,"Snail, escargo, raw",15,2019-04-01,,2,100
173699,sr_legacy_food,Snapper,15,2019-04-01,,1,90
173698,sr_legacy_food,"Snapper, raw",15,2019-04-01,,0.9,100
174244,sr_legacy_food,Spot,15,2019-04-01,,0.9,90
173700,sr_legacy_food,"Spot, raw",15,2019-04-01,,0.8,100
171982,sr_legacy_food,"Squid, fried",15,2019-04-01,,1.5,40
174223,sr_legacy_food,"Squid, raw",15,2019-04-01,,1.4,100
175148,sr_legacy_food,Sturgeon,15,2019-04-01,,1,90
173701,sr_legacy_food,"Sturgeon, raw",15,2019-04-01,,0.9,90
175149,sr_legacy_food,"Sturgeon, smoked",15,2019-04-01,,1,80
173702,sr_legacy_food,"Surimi, fish paste",15,2019-04-01,,1.5,40
173704,sr_legacy_food,Swordfish,15,2019-04-01,,1,90
173703,sr_legacy_food,"Swordfish, raw",15,2019-04-01,,0.9,90
175177,sr_legacy_food,Tilapia,15,2019-04-01,,0.9,90
175176,sr_legacy_food,"Tilapia, raw",15,2019-04-01,,0.8,90
172004,sr_legacy_food,Trout,15,2019-04-01,,1,90
175181,sr_legacy_food,"Trout, brook, New York State, raw",15,2019-04-01,,0.9,90
175155,sr_legacy_food,"Trout, rainbow",15,2019-04-01,,1,90
173718,sr_legacy_food,"Trout, rainbow, farmed",15,2019-04-01,,1,90
173717,sr_legacy_food,"Trout, rainbow, farmed, raw",15,2019-04-01,,0.9,90
175154,sr_legacy_food,"Trout, rainbow, raw",15,2019-04-01,,0.9,90
175153,sr_legacy_food,"Trout, raw",15,2019-04-01,,0.9,90
173707,sr_legacy_food,Tuna,15,2019-04-01,,0.9,90
175160,sr_legacy_food,Tuna salad,15,2019-04-01,,0.8,60
173706,sr_legacy_food,"Tuna, raw",15,2019-04-01,,0.8,90
172005,sr_legacy_food,"Tuna, skipjack",15,2019-04-01,,0.9,90
175156,sr_legacy_food,"Tuna, skipjack, raw",15,2019-04-01,,0.8,90
172006,sr_legacy_food,"Tuna, yellowfin",15,2019-04-01,,0.9,90
175159,sr_legacy_food,"Tuna, yellowfin, raw",15,2019-04-01,,0.8,90
171984,sr_legacy_food,Whelk,15,2019-04-01,,1.2,90
171983,sr_legacy_food,"Whelk, raw",15,2019-04-01,,1.1,90
172002,sr_legacy_food,White sucker,15,2019-04-01,,0.9,90
175150,sr_legacy_food,"White sucker, raw",15,2019-04-01,,0.8,90
174246,sr_legacy_food,Whitefish,15,2019-04-01,,0.9,90
173711,sr_legacy_food,"Whitefish, raw",15,2019-04-01,,0.8,90
173712,sr_legacy_food,"Whitefish, smoked",15,2019-04-01,,1,80
175161,sr_legacy_food,Whiting,15,2019-04-01,,0.9,90
173713,sr_legacy_food,"Whiting, raw",15,2019-04-01,,0.8,90
174248,sr_legacy_food,Yellowtail,15,2019-04-01,,1,90
175163,sr_legacy_food,"Yellowtail, raw",15,2019-04-01,,0.9,90
173728,sr_legacy_food,Adzuki beans,16,2019-04-01,,,70
173727,sr_legacy_food,"Adzuki beans, raw",16,2019-04-01,,,90
173731,sr_legacy_food,"Beans, baked",16,2019-04-01,,,60
173735,sr_legacy_food,Black beans,16,2019-04-01,,,70
173734,sr_legacy_food,"Black beans, raw",16,2019-04-01,,,90
175187,sr_legacy_food,Black turtle beans,16,2019-04-01,,,70
175186,sr_legacy_food,"Black turtle beans, raw",16,2019-04-01,,,90
173759,sr_legacy_food,Blackeye cowpeas,16,2019-04-01,,,70
173758,sr_legacy_food,"Blackeye cowpeas, raw",16,2019-04-01,,,90
173753,sr_legacy_food,"Broadbeans, fava beans",16,2019-04-01,,,70
175205,sr_legacy_food,"Broadbeans, fava beans, raw",16,2019-04-01,,,90
173755,sr_legacy_food,Carob flour,16,2019-04-01,,,60
175209,sr_legacy_food,Catjang cowpeas,16,2019-04-01,,,70
175208,sr_legacy_food,"Catjang cowpeas, raw",16,2019-04-01,,,90
174288,sr_legacy_food,"Chickpea flour, besan",16,2019-04-01,,,60
173757,sr_legacy_food,Chickpeas,16,2019-04-01,,,70
173756,sr_legacy_food,"Chickpeas, raw",16,2019-04-01,,,90
169065,sr_legacy_food,"Chili beans, barbecue style",16,2019-04-01,,,50
175207,sr_legacy_food,"Chili with beans, canned",16,2019-04-01,,,40
173736,sr_legacy_food,Cranberry beans,16,2019-04-01,,,90
175189,sr_legacy_food,"Cranberry beans, raw",16,2019-04-01,,,90
172455,sr_legacy_food,Falafel,16,2019-04-01,,,60
173739,sr_legacy_food,French beans,16,2019-04-01,,,90
173738,sr_legacy_food,"French beans, raw",16,2019-04-01,,,90
175191,sr_legacy_food,Great northern beans,16,2019-04-01,,,90
175190,sr_legacy_food,"Great northern beans, raw",16,2019-04-01,,,90
172428,sr_legacy_food,"Green split peas, raw",16,2019-04-01,,,90
172454,sr_legacy_food,Hummus,16,2019-04-01,,,60
175211,sr_legacy_food,Hyacinth beans,16,2019-04-01,,,90
175210,sr_legacy_food,"Hyacinth beans, raw",16,2019-04-01,,,90
173740,sr_legacy_food,Kidney beans,16,2019-04-01,,,90
175193,sr_legacy_food,"Kidney beans, raw",16,2019-04-01,,,90
172421,sr_legacy_food,Lentils,16,2019-04-01,,,90
174284,sr_legacy_food,"Lentils, pink or red, raw",16,2019-04-01,,,90
172420,sr_legacy_food,"Lentils, raw",16,2019-04-01,,,90
172422,sr_legacy_food,"Lima beans, baby",16,2019-04-01,,,90
174255,sr_legacy_food,"Lima beans, baby, raw",16,2019-04-01,,,90
174253,sr_legacy_food,"Lima beans, large",16,2019-04-01,,,90
174252,sr_legacy_food,"Lima beans, large, raw",16,2019-04-01,,,90
172424,sr_legacy_food,Lupins,16,2019-04-01,,,90
172423,sr_legacy_food,"Lupins, raw",16,2019-04-01,,,90
174268,sr_legacy_food,Meat extender,16,2019-04-01,,,40
172439,sr_legacy_food,Meatless bacon,16,2019-04-01,,,20
169893,sr_legacy_food,Meatless bacon bits,16,2019-04-01,,,10
169886,sr_legacy_food,Meatless chicken,16,2019-04-01,,,20
169887,sr_legacy_food,Meatless frankfurter,16,2019-04-01,,,20
167719,sr_legacy_food,Meatless fried chicken,16,2019-04-01,,,20
169066,sr_legacy_food,Meatless luncheon slices,16,2019-04-01,,,20
169067,sr_legacy_food,Meatless Meatballs,16,2019-04-01,,,20
169069,sr_legacy_food,Meatless sandwich spread,16,2019-04-01,,,20
174269,sr_legacy_food,Meatless sausage,16,2019-04-01,,,20
172442,sr_legacy_food,Miso,16,2019-04-01,30,,80
172426,sr_legacy_food,Mothbeans,16,2019-04-01,,,90
172425,sr_legacy_food,"Mothbeans, raw",16,2019-04-01,,,100
174257,sr_legacy_food,Mung beans,16,2019-04-01,,,90
174256,sr_legacy_food,"Mung beans, raw",16,2019-04-01,,,100
172427,sr_legacy_food,Mungo beans,16,2019-04-01,,,90
174259,sr_legacy_food,"Mungo beans, raw",16,2019-04-01,,,100
172443,sr_legacy_food,Natto,16,2019-04-01,30,,80
173746,sr_legacy_food,Navy beans,16,2019-04-01,,,90
173745,sr_legacy_food,"Navy beans, raw",16,2019-04-01,,,100
174258,sr_legacy_food,"Noodles, mung bean",16,2019-04-01,,,70
172452,sr_legacy_food,Okara,16,2019-04-01,,,80
168106,sr_legacy_food,Papad,16,2019-04-01,,,70
174294,sr_legacy_food,Peanut butter,16,2019-04-01,,,60
174265,sr_legacy_food,"Peanut butter, chunky",16,2019-04-01,,,60
174267,sr_legacy_food,"Peanut flour, defatted",16,2019-04-01,,,70
173806,sr_legacy_food,Peanuts,16,2019-04-01,,,90
172430,sr_legacy_food,"Peanuts, raw",16,2019-04-01,,,90
172437,sr_legacy_food,Pigeon peas,16,2019-04-01,,,70
172436,sr_legacy_food,"Pigeon peas, raw",16,2019-04-01,,,90
175198,sr_legacy_food,Pink beans,16,2019-04-01,,,70
173748,sr_legacy_food,"Pink beans, raw",16,2019-04-01,,,90
175200,sr_legacy_food,Pinto beans,16,2019-04-01,,,70
175199,sr_legacy_food,"Pinto beans, raw",16,2019-04-01,,,90
173750,sr_legacy_food,Small white beans,16,2019-04-01,,,70
173749,sr_legacy_food,"Small white beans, raw",16,2019-04-01,,,90
174274,sr_legacy_food,"Soy flour, full-fat",16,2019-04-01,,,60
174273,sr_legacy_food,"Soy flour, full-fat, raw",16,2019-04-01,,,60
172444,sr_legacy_food,"Soy flour, low-fat",16,2019-04-01,,,50
172445,sr_legacy_food,"Soy meal, defatted, raw",16,2019-04-01,,,50
174276,sr_legacy_food,Soy protein isolate,16,2019-04-01,,,40
174302,sr_legacy_food,"Soy protein isolate, potassium type",16,2019-04-01,,,40
174277,sr_legacy_food,Soy sauce,16,2019-04-01,,,50
174279,sr_legacy_food,"Soy sauce, hydrolyzed vegetable protein",16,2019-04-01,,,40
174278,sr_legacy_food,"Soy sauce, tamari",16,2019-04-01,,,50
169083,sr_legacy_food,Soybean curd cheese,16,2019-04-01,,,60
174271,sr_legacy_food,Soybeans,16,2019-04-01,,,70
172441,sr_legacy_food,"Soybeans, dry roasted",16,2019-04-01,,,70
174270,sr_legacy_food,"Soybeans, raw",16,2019-04-01,,,90
174300,sr_legacy_food,"Soybeans, roasted",16,2019-04-01,,,70
173765,sr_legacy_food,Soymilk,16,2019-04-01,,,50
174293,sr_legacy_food,"Soymilk, chocolate",16,2019-04-01,,,30
172446,sr_legacy_food,"Soymilk, original and vanilla",16,2019-04-01,,,40
172429,sr_legacy_food,Split peas,16,2019-04-01,,,90
172467,sr_legacy_food,Tempeh,16,2019-04-01,30,,80
174272,sr_legacy_food,"Tempeh, raw",16,2019-04-01,30,,90
172448,sr_legacy_food,Tofu,16,2019-04-01,,,70
167722,sr_legacy_food,Tofu yogurt,16,2019-04-01,,,50
174290,sr_legacy_food,"Tofu, extra firm",16,2019-04-01,,,70
172451,sr_legacy_food,"Tofu, fried",16,2019-04-01,,,60
174291,sr_legacy_food,"Tofu, hard",16,2019-04-01,,,70
172475,sr_legacy_food,"Tofu, raw, firm",16,2019-04-01,,,80
172476,sr_legacy_food,"Tofu, raw, regular",16,2019-04-01,,,80
174280,sr_legacy_food,"Tofu, salted and fermented, fuyu",16,2019-04-01,,,80
169888,sr_legacy_food,Vegetarian meatloaf/patties,16,2019-04-01,,,40
174287,sr_legacy_food,Veggie burgers,16,2019-04-01,,,30
169884,sr_legacy_food,Vermicelli,16,2019-04-01,,,70
175203,sr_legacy_food,White beans,16,2019-04-01,,,90
175202,sr_legacy_food,"White beans, raw",16,2019-04-01,,,90
173752,sr_legacy_food,Yellow beans,16,2019-04-01,,,90
173751,sr_legacy_food,"Yellow beans, raw",16,2019-04-01,,,90
173844,sr_legacy_food,Antelope,17,2019-04-01,,1.2,100
175292,sr_legacy_food,"Antelope, raw",17,2019-04-01,,1,100
173846,sr_legacy_food,Bear meat,17,2019-04-01,,1.5,100
173845,sr_legacy_food,"Bear meat, raw",17,2019-04-01,,1.3,100
175295,sr_legacy_food,Beaver,17,2019-04-01,,1.8,100
175294,sr_legacy_food,"Beaver, raw",17,2019-04-01,,1.5,100
174424,sr_legacy_food,Bison shoulder roast,17,2019-04-01,,2,100
172598,sr_legacy_food,"Bison shoulder roast, raw",17,2019-04-01,,1.8,100
172566,sr_legacy_food,"Bison shoulder, raw",17,2019-04-01,,1.8,100
174423,sr_legacy_food,Bison steak,17,2019-04-01,,1.2,100
172599,sr_legacy_food,"Bison steak, ribeye",17,2019-04-01,,1.3,100
172565,sr_legacy_food,"Bison steak, ribeye, raw",17,2019-04-01,,1.1,100
172601,sr_legacy_food,"Bison steak, top round steak, raw",17,2019-04-01,,1.1,100
172564,sr_legacy_food,"Bison steak, top sirloin, raw",17,2019-04-01,,1.2,100
172600,sr_legacy_food,Bison top round steak,17,2019-04-01,,1.3,100
173851,sr_legacy_food,"Bison, raw",17,2019-04-01,,1.3,100
173852,sr_legacy_food,"Bison, roasted",17,2019-04-01,,1.5,100
173854,sr_legacy_food,Caribou,17,2019-04-01,,1.3,100
173853,sr_legacy_food,"Caribou, raw",17,2019-04-01,,1.1,100
175302,sr_legacy_food,Elk,17,2019-04-01,,1.3,100
175301,sr_legacy_food,"Elk, raw",17,2019-04-01,,1.1,100
175304,sr_legacy_food,Goat,17,2019-04-01,,1.3,100
175303,sr_legacy_food,"Goat, raw",17,2019-04-01,,1.1,100
173847,sr_legacy_food,Ground bison,17,2019-04-01,,1.5,90
175293,sr_legacy_food,"Ground bison, raw",17,2019-04-01,,1.3,90
174426,sr_legacy_food,Ground elk,17,2019-04-01,,1.4,90
174425,sr_legacy_food,"Ground elk, raw",17,2019-04-01,,1.2,90
172544,sr_legacy_food,Ground lamb,17,2019-04-01,,1.3,90
172608,sr_legacy_food,"Ground lamb, 85/15, raw",17,2019-04-01,,1.2,90
174370,sr_legacy_food,"Ground lamb, raw",17,2019-04-01,,1.2,90
174879,sr_legacy_food,Ground veal,17,2019-04-01,,1.3,80
175291,sr_legacy_food,"Ground veal, broiled",17,2019-04-01,,1.3,80
175290,sr_legacy_food,"Ground veal, raw",17,2019-04-01,,1.2,90
172603,sr_legacy_food,Ground venison,17,2019-04-01,,1.4,80
172602,sr_legacy_food,"Ground venison, raw",17,2019-04-01,,1.2,90
175087,sr_legacy_food,Horse,17,2019-04-01,,1.3,80
175086,sr_legacy_food,"Horse, raw",17,2019-04-01,,1.1,90
172610,sr_legacy_food,Lamb breast,17,2019-04-01,,2.5,80
174891,sr_legacy_food,Lamb fat,17,2019-04-01,,0.5,80
174892,sr_legacy_food,"Lamb fat, raw",17,2019-04-01,,0.5,90
172657,sr_legacy_food,"Lamb fat, raw, seam fat",17,2019-04-01,,0.5,90
172656,sr_legacy_food,"Lamb fat, seam fat",17,2019-04-01,,0.5,80
172630,sr_legacy_food,Lamb flap,17,2019-04-01,,2,80
174440,sr_legacy_food,"Lamb flap, lean only",17,2019-04-01,,1.3,80
172631,sr_legacy_food,"Lamb flap, raw",17,2019-04-01,,1.8,90
172514,sr_legacy_food,Lamb foreshank,17,2019-04-01,,2.5,80
172575,sr_legacy_food,Lamb foreshank,17,2019-04-01,,2.5,80
174371,sr_legacy_food,Lamb foreshank,17,2019-04-01,,2.5,80
172513,sr_legacy_food,"Lamb foreshank, raw",17,2019-04-01,,2,90
172547,sr_legacy_food,"Lamb foreshank, raw",17,2019-04-01,,2,90
172574,sr_legacy_food,"Lamb foreshank, raw",17,2019-04-01,,2,90
174444,sr_legacy_food,"Lamb heart, raw",17,2019-04-01,,1.8,100
174443,sr_legacy_food,"Lamb heart, simmered",17,2019-04-01,,2,100
172632,sr_legacy_food,Lamb hindshank,17,2019-04-01,,2.5,80
174893,sr_legacy_food,Lamb hindshank,17,2019-04-01,,2.5,80
172633,sr_legacy_food,"Lamb hindshank, raw",17,2019-04-01,,2,100
174894,sr_legacy_food,"Lamb hindshank, raw",17,2019-04-01,,2,100
172658,sr_legacy_food,Lamb leg roast,17,2019-04-01,,1.5,90
174373,sr_legacy_food,Lamb leg roast,17,2019-04-01,,1.5,90
174404,sr_legacy_food,Lamb leg roast,17,2019-04-01,,1.5,90
172659,sr_legacy_food,"Lamb leg roast, raw",17,2019-04-01,,1.3,100
174372,sr_legacy_food,"Lamb leg roast, raw",17,2019-04-01,,1.3,100
174403,sr_legacy_food,"Lamb leg roast, raw",17,2019-04-01,,1.3,100
172548,sr_legacy_food,"Lamb leg roast, shank half",17,2019-04-01,,1.8,90
174374,sr_legacy_food,"Lamb leg roast, shank half, raw",17,2019-04-01,,1.5,100
172550,sr_legacy_food,"Lamb leg roast, sirloin half",17,2019-04-01,,1.5,90
172549,sr_legacy_food,"Lamb leg roast, sirloin half, raw",17,2019-04-01,,1.3,100
174411,sr_legacy_food,Lamb leg steak,17,2019-04-01,,1.5,90
174460,sr_legacy_food,"Lamb leg steak, fried",17,2019-04-01,,1.5,90
174342,sr_legacy_food,"Lamb leg steak, raw",17,2019-04-01,,1.3,100
174410,sr_legacy_food,"Lamb leg steak, raw",17,2019-04-01,,1.3,100
172614,sr_legacy_food,Lamb liver,17,2019-04-01,,0.8,100
172615,sr_legacy_food,"Lamb liver, raw",17,2019-04-01,,0.6,100
174375,sr_legacy_food,Lamb loin,17,2019-04-01,,1.3,90
172587,sr_legacy_food,Lamb loin chops,17,2019-04-01,,1.5,90
174461,sr_legacy_food,"Lamb loin chops, fried",17,2019-04-01,,1.5,90
172517,sr_legacy_food,"Lamb loin chops, raw",17,2019-04-01,,1.3,100
172586,sr_legacy_food,"Lamb loin chops, raw",17,2019-04-01,,1.3,100
174462,sr_legacy_food,Lamb loin saddle,17,2019-04-01,,1.5,90
174463,sr_legacy_food,"Lamb loin saddle, raw",17,2019-04-01,,1.3,100
172634,sr_legacy_food,"Lamb loin, boneless",17,2019-04-01,,1.5,100
172635,sr_legacy_food,"Lamb loin, boneless, raw",17,2019-04-01,,1.3,100
172551,sr_legacy_food,"Lamb loin, raw",17,2019-04-01,,1.1,100
174376,sr_legacy_food,"Lamb loin, roasted",17,2019-04-01,,1.3,100
172636,sr_legacy_food,Lamb neck chops,17,2019-04-01,,2,100
172637,sr_legacy_food,"Lamb neck chops, raw",17,2019-04-01,,1.8,100
172663,sr_legacy_food,Lamb rack roast,17,2019-04-01,,1.5,100
172640,sr_legacy_food,"Lamb rack roast, frenched",17,2019-04-01,,1.5,100
172641,sr_legacy_food,"Lamb rack roast, frenched, raw",17,2019-04-01,,1.3,100
174890,sr_legacy_food,"Lamb rack roast, lean only",17,2019-04-01,,1.3,100
173813,sr_legacy_food,"Lamb rack roast, partly frenched",17,2019-04-01,,1.5,100
173812,sr_legacy_food,"Lamb rack roast, partly frenched, raw",17,2019-04-01,,1.3,100
172662,sr_legacy_food,"Lamb rack roast, trimmed",17,2019-04-01,,1.3,100
174414,sr_legacy_food,"Lamb rack, raw",17,2019-04-01,,1.3,100
174415,sr_legacy_food,Lamb rib chops,17,2019-04-01,,1.5,100
174898,sr_legacy_food,"Lamb rib chops, trimmed",17,2019-04-01,,1.3,100
172552,sr_legacy_food,Lamb rib roast,17,2019-04-01,,1.5,100
174377,sr_legacy_food,"Lamb rib roast, raw",17,2019-04-01,,1.3,100
172579,sr_legacy_food,Lamb shank roast,17,2019-04-01,,2.5,100
172578,sr_legacy_food,"Lamb shank roast, raw",17,2019-04-01,,2,100
172591,sr_legacy_food,Lamb shoulder,17,2019-04-01,,2,100
174379,sr_legacy_food,Lamb shoulder,17,2019-04-01,,2,100
174874,sr_legacy_food,Lamb shoulder chops,17,2019-04-01,,2,100
174875,sr_legacy_food,"Lamb shoulder chops, raw",17,2019-04-01,,1.8,100
174876,sr_legacy_food,Lamb shoulder roast,17,2019-04-01,,2,100
175262,sr_legacy_food,"Lamb shoulder roast, raw",17,2019-04-01,,1.8,100
174383,sr_legacy_food,"Lamb shoulder, arm",17,2019-04-01,,2,100
174382,sr_legacy_food,"Lamb shoulder, arm, broiled",17,2019-04-01,,2,100
174380,sr_legacy_food,"Lamb shoulder, arm, raw",17,2019-04-01,,1.8,100
172559,sr_legacy_food,"Lamb shoulder, blade",17,2019-04-01,,2,100
172557,sr_legacy_food,"Lamb shoulder, blade, braised",17,2019-04-01,,2,100
172558,sr_legacy_food,"Lamb shoulder, blade, broiled",17,2019-04-01,,2,100
172596,sr_legacy_food,"Lamb shoulder, blade, lean only, raw",17,2019-04-01,,1.2,100
172556,sr_legacy_food,"Lamb shoulder, blade, raw",17,2019-04-01,,1.8,100
172554,sr_legacy_food,"Lamb shoulder, braised",17,2019-04-01,,2,100
172555,sr_legacy_food,"Lamb shoulder, broiled",17,2019-04-01,,2,100
172553,sr_legacy_food,"Lamb shoulder, raw",17,2019-04-01,,1.8,100
172583,sr_legacy_food,Lamb sirloin chops,17,2019-04-01,,1.5,100
172582,sr_legacy_food,"Lamb sirloin chops, raw",17,2019-04-01,,1.3,100
174407,sr_legacy_food,Lamb sirloin roast,17,2019-04-01,,1.5,100
174406,sr_legacy_food,"Lamb sirloin roast, raw",17,2019-04-01,,1.3,100
174445,sr_legacy_food,Lamb sweetbread,17,2019-04-01,,0.5,100
174446,sr_legacy_food,"Lamb sweetbread, raw",17,2019-04-01,,0.4,100
174897,sr_legacy_food,Lamb tenderloin,17,2019-04-01,,1.2,100
172639,sr_legacy_food,"Lamb tenderloin, fried",17,2019-04-01,,1.2,100
174878,sr_legacy_food,"Lamb tenderloin, raw",17,2019-04-01,,1,100
172620,sr_legacy_food,Lamb tongue,17,2019-04-01,,2,100
172621,sr_legacy_food,"Lamb tongue, raw",17,2019-04-01,,1.8,100
174345,sr_legacy_food,Moose,17,2019-04-01,,1.3,100
174344,sr_legacy_food,"Moose, raw",17,2019-04-01,,1.1,100
172519,sr_legacy_food,Muskrat,17,2019-04-01,,1.5,90
172518,sr_legacy_food,"Muskrat, raw",17,2019-04-01,,1.2,100
172520,sr_legacy_food,Opossum,17,2019-04-01,,1.5,90
174348,sr_legacy_food,Rabbit,17,2019-04-01,,1.2,90
174347,sr_legacy_food,"Rabbit, raw",17,2019-04-01,,1,100
174349,sr_legacy_food,Raccoon,17,2019-04-01,,1.5,90
172524,sr_legacy_food,Squirrel,17,2019-04-01,,1.5,90
172523,sr_legacy_food,"Squirrel, raw",17,2019-04-01,,1.2,100
174393,sr_legacy_food,Veal breast,17,2019-04-01,,2.5,90
174394,sr_legacy_food,"Veal breast, plate half, braised",17,2019-04-01,,2.5,90
174395,sr_legacy_food,"Veal breast, point half, braised",17,2019-04-01,,2.5,90
174392,sr_legacy_food,"Veal breast, raw",17,2019-04-01,,2,100
174880,sr_legacy_food,Veal cutlet,17,2019-04-01,,1.3,90
173819,sr_legacy_food,"Veal cutlet, breaded, pan-fried",17,2019-04-01,,1.5,60
173820,sr_legacy_food,"Veal cutlet, pan-fried",17,2019-04-01,,1.3,90
172643,sr_legacy_food,"Veal cutlet, raw",17,2019-04-01,,1.2,100
174883,sr_legacy_food,Veal fat,17,2019-04-01,,0.5,80
174882,sr_legacy_food,"Veal fat, raw",17,2019-04-01,,0.5,100
174433,sr_legacy_food,"Veal fore shank, raw",17,2019-04-01,,2.5,100
172530,sr_legacy_food,Veal heart,17,2019-04-01,,2,100
172529,sr_legacy_food,"Veal heart, raw",17,2019-04-01,,1.8,100
172607,sr_legacy_food,"Veal hind shank, raw",17,2019-04-01,,2.5,100
174358,sr_legacy_food,Veal liver,17,2019-04-01,,0.8,100
172535,sr_legacy_food,"Veal liver, braised",17,2019-04-01,,0.8,100
172534,sr_legacy_food,"Veal liver, raw",17,2019-04-01,,0.6,100
173825,sr_legacy_food,Veal loin,17,2019-04-01,,1.5,100
172650,sr_legacy_food,Veal loin chop,17,2019-04-01,,1.3,100
173824,sr_legacy_food,"Veal loin, braised",17,2019-04-01,,1.5,100
173823,sr_legacy_food,"Veal loin, raw",17,2019-04-01,,1.3,100
172649,sr_legacy_food,Veal osso buco,17,2019-04-01,,2.5,100
173827,sr_legacy_food,Veal rib,17,2019-04-01,,2,100
173850,sr_legacy_food,"Veal rib roast, raw",17,2019-04-01,,1.3,100
175276,sr_legacy_food,"Veal rib, braised",17,2019-04-01,,2,100
175275,sr_legacy_food,"Veal rib, raw",17,2019-04-01,,1.8,100
172569,sr_legacy_food,Veal shank,17,2019-04-01,,2.5,100
172568,sr_legacy_food,"Veal shank, raw",17,2019-04-01,,2,100
175278,sr_legacy_food,Veal shoulder,17,2019-04-01,,2,100
175279,sr_legacy_food,Veal shoulder,17,2019-04-01,,2,100
172651,sr_legacy_food,"Veal shoulder chop, blade",17,2019-04-01,,1.8,100
173835,sr_legacy_food,"Veal shoulder chop, blade, raw",17,2019-04-01,,1.5,100
175277,sr_legacy_food,"Veal shoulder, raw",17,2019-04-01,,1.8,100
175288,sr_legacy_food,Veal sirloin,17,2019-04-01,,1.5,100
175287,sr_legacy_food,"Veal sirloin, braised",17,2019-04-01,,1.5,100
175286,sr_legacy_food,"Veal sirloin, raw",17,2019-04-01,,1.3,100
174369,sr_legacy_food,Veal tongue,17,2019-04-01,,2,100
174368,sr_legacy_food,"Veal tongue, raw",17,2019-04-01,,1.8,100
173821,sr_legacy_food,Veal top round,17,2019-04-01,,1.5,100
173818,sr_legacy_food,"Veal top round, braised",17,2019-04-01,,1.5,100
175268,sr_legacy_food,"Veal top round, raw",17,2019-04-01,,1.3,100
175085,sr_legacy_food,Venison,17,2019-04-01,,1.3,100
172605,sr_legacy_food,Venison shoulder,17,2019-04-01,,1.8,100
172604,sr_legacy_food,"Venison steak, loin",17,2019-04-01,,1.2,100
174431,sr_legacy_food,"Venison steak, top round",17,2019-04-01,,1.3,100
174430,sr_legacy_food,Venison tenderloin,17,2019-04-01,,1.2,100
173855,sr_legacy_food,"Venison, raw",17,2019-04-01,,1.1,100
175300,sr_legacy_food,Water buffalo,17,2019-04-01,,1.3,100
175299,sr_legacy_food,"Water buffalo, raw",17,2019-04-01,,1.1,100
175298,sr_legacy_food,Wild boar,17,2019-04-01,,1.4,100
175297,sr_legacy_food,"Wild boar, raw",17,2019-04-01,,1.2,100
171837,sr_legacy_food,Animal cookies,18,2019-04-01,,,30
175051,sr_legacy_food,Bagel,18,2019-04-01,,,50
172664,sr_legacy_food,"Bagel, cinnamon-raisin",18,2019-04-01,,,50
174901,sr_legacy_food,"Bagel, egg",18,2019-04-01,,,50
171852,sr_legacy_food,"Bagel, multigrain",18,2019-04-01,,,60
172666,sr_legacy_food,"Bagel, oat bran",18,2019-04-01,,,60
167533,sr_legacy_food,"Bagel, wheat",18,2019-04-01,,,60
174092,sr_legacy_food,"Bagel, whole grain",18,2019-04-01,,,70
175043,sr_legacy_food,Baker's yeast,18,2019-04-01,,,90
175040,sr_legacy_food,Baking soda,18,2019-04-01,,,90
174906,sr_legacy_food,"Banana bread, made with margarine",18,2019-04-01,,,40
172670,sr_legacy_food,Biscuits,18,2019-04-01,,,50
172675,sr_legacy_food,Bread,18,2019-04-01,,,60
175305,sr_legacy_food,"Bread, sourdough",18,2019-04-01,,,60
171844,sr_legacy_food,"Bread, chapati or roti",18,2019-04-01,,,70
174075,sr_legacy_food,"Bread, chapati or roti, whole wheat",18,2019-04-01,,,80
167944,sr_legacy_food,"Bread, cheese",18,2019-04-01,,,50
171849,sr_legacy_food,"Bread, cinnamon",18,2019-04-01,,,50
172672,sr_legacy_food,"Bread, cracked-wheat",18,2019-04-01,,,60
172673,sr_legacy_food,"Bread, egg",18,2019-04-01,,,60
174912,sr_legacy_food,"Bread, irish soda",18,2019-04-01,,,60
174913,sr_legacy_food,"Bread, Italian",18,2019-04-01,,,50
168013,sr_legacy_food,"Bread, multi-grain",18,2019-04-01,,,60
171845,sr_legacy_food,"Bread, naan",18,2019-04-01,,,60
174077,sr_legacy_food,"Bread, naan",18,2019-04-01,,,60
172676,sr_legacy_food,"Bread, oat bran",18,2019-04-01,,,60
172678,sr_legacy_food,"Bread, oatmeal",18,2019-04-01,,,60
174076,sr_legacy_food,"Bread, paratha, whole wheat",18,2019-04-01,,,60
172816,sr_legacy_food,"Bread, pita",18,2019-04-01,,,50
174916,sr_legacy_food,"Bread, pita, whole-wheat",18,2019-04-01,,,60
167943,sr_legacy_food,"Bread, potato",18,2019-04-01,,,60
174918,sr_legacy_food,"Bread, pumpernickel",18,2019-04-01,,,60
172817,sr_legacy_food,"Bread, raisin",18,2019-04-01,,,50
174923,sr_legacy_food,"Bread, rice bran",18,2019-04-01,,,60
172684,sr_legacy_food,"Bread, rye",18,2019-04-01,,,60
171850,sr_legacy_food,"Bread, sprouted",18,2019-04-01,,,70
172686,sr_legacy_food,"Bread, wheat",18,2019-04-01,,,60
174927,sr_legacy_food,"Bread, white",18,2019-04-01,,,50
174099,sr_legacy_food,"Bread, white, gluten-free",18,2019-04-01,,,50
174091,sr_legacy_food,"Bread, whole wheat",18,2019-04-01,,,60
172690,sr_legacy_food,"Bread, whole-wheat",18,2019-04-01,,,60
174928,sr_legacy_food,Breadcrumbs,18,2019-04-01,,,40
172806,sr_legacy_food,"Breadcrumbs, seasoned",18,2019-04-01,,,40
174929,sr_legacy_food,Breadsticks,18,2019-04-01,,,40
174949,sr_legacy_food,Brownies,18,2019-04-01,,,30
174090,sr_legacy_food,"Bun, hamburger or hot dog, whole wheat",18,2019-04-01,,,50
172796,sr_legacy_food,"Bun, hamburger or hotdog",18,2019-04-01,,,50
172694,sr_legacy_food,"Cake, angelfood",18,2019-04-01,,,30
172696,sr_legacy_food,"Cake, boston cream pie",18,2019-04-01,,,20
172711,sr_legacy_food,"Cake, cheesecake",18,2019-04-01,,,20
174934,sr_legacy_food,"Cake, chocolate",18,2019-04-01,,,30
175052,sr_legacy_food,"Cake, coffeecake",18,2019-04-01,,,30
172699,sr_legacy_food,"Cake, coffeecake, cheese",18,2019-04-01,,,20
174939,sr_legacy_food,"Cake, fruitcake",18,2019-04-01,,,30
172702,sr_legacy_food,"Cake, gingerbread",18,2019-04-01,,,30
172703,sr_legacy_food,"Cake, pineapple upside-down",18,2019-04-01,,,20
172704,sr_legacy_food,"Cake, pound",18,2019-04-01,,,30
174932,sr_legacy_food,"Cake, pudding-type, carrot",18,2019-04-01,,,20
174935,sr_legacy_food,"Cake, pudding-type, chocolate",18,2019-04-01,,,20
175054,sr_legacy_food,"Cake, pudding-type, white",18,2019-04-01,,,20
174946,sr_legacy_food,"Cake, pudding-type, yellow",18,2019-04-01,,,20
174941,sr_legacy_food,"Cake, shortcake",18,2019-04-01,,,20
172707,sr_legacy_food,"Cake, sponge",18,2019-04-01,,,30
172709,sr_legacy_food,"Cake, white",18,2019-04-01,,,30
172710,sr_legacy_food,"Cake, yellow",18,2019-04-01,,,30
167940,sr_legacy_food,"Cinnamon buns, frosted",18,2019-04-01,,,20
172819,sr_legacy_food,"Cookies, butter",18,2019-04-01,,,40
172808,sr_legacy_food,"Cookies, chocolate chip",18,2019-04-01,,,20
172720,sr_legacy_food,"Cookies, chocolate sandwich, extra creme filling",18,2019-04-01,,,10
172714,sr_legacy_food,"Cookies, chocolate wafers",18,2019-04-01,,,20
171847,sr_legacy_food,"Cookies, coconut macaroon",18,2019-04-01,,,30
172721,sr_legacy_food,"Cookies, fig bars",18,2019-04-01,,,30
172722,sr_legacy_food,"Cookies, fortune",18,2019-04-01,,,20
174951,sr_legacy_food,"Cookies, fudge",18,2019-04-01,,,20
174956,sr_legacy_food,"Cookies, gingersnaps",18,2019-04-01,,,30
172821,sr_legacy_food,"Cookies, ladyfingers",18,2019-04-01,,,30
172723,sr_legacy_food,"Cookies, marshmallow, chocolate-coated",18,2019-04-01,,,10
172724,sr_legacy_food,"Cookies, molasses",18,2019-04-01,,,30
172807,sr_legacy_food,"Cookies, oatmeal",18,2019-04-01,,,50
174963,sr_legacy_food,"Cookies, oatmeal raisin",18,2019-04-01,,,50
174964,sr_legacy_food,"Cookies, peanut butter",18,2019-04-01,,,40
174966,sr_legacy_food,"Cookies, raisin",18,2019-04-01,,,50
174967,sr_legacy_food,"Cookies, shortbread",18,2019-04-01,,,40
172735,sr_legacy_food,"Cookies, sugar",18,2019-04-01,,,20
174974,sr_legacy_food,"Cookies, vanilla wafers",18,2019-04-01,,,20
174910,sr_legacy_food,Cornbread,18,2019-04-01,,,50
174975,sr_legacy_food,"Crackers, cheese",18,2019-04-01,,,40
174084,sr_legacy_food,"Crackers, cheese, whole grain",18,2019-04-01,,,50
172739,sr_legacy_food,"Crackers, crispbread, rye",18,2019-04-01,,,60
172740,sr_legacy_food,"Crackers, matzo",18,2019-04-01,,,50
172741,sr_legacy_food,"Crackers, matzo, egg",18,2019-04-01,,,60
172742,sr_legacy_food,"Crackers, matzo, whole-wheat",18,2019-04-01,,,60
174977,sr_legacy_food,"Crackers, melba toast",18,2019-04-01,,,50
174978,sr_legacy_food,"Crackers, melba toast, rye",18,2019-04-01,,,50
174979,sr_legacy_food,"Crackers, melba toast, wheat",18,2019-04-01,,,50
174980,sr_legacy_food,"Crackers, milk",18,2019-04-01,,,50
171838,sr_legacy_food,"Crackers, multigrain",18,2019-04-01,,,50
174981,sr_legacy_food,"Crackers, rusk toast",18,2019-04-01,,,50
172744,sr_legacy_food,"Crackers, rye, wafers",18,2019-04-01,,,50
172746,sr_legacy_food,"Crackers, saltines",18,2019-04-01,,,50
171856,sr_legacy_food,"Crackers, water biscuits",18,2019-04-01,,,50
174985,sr_legacy_food,"Crackers, wheat",18,2019-04-01,,,50
172749,sr_legacy_food,"Crackers, whole-wheat",18,2019-04-01,,,50
175041,sr_legacy_food,Cream of tartar,18,2019-04-01,,,90
167534,sr_legacy_food,"Cream puff, eclair",18,2019-04-01,,,20
174987,sr_legacy_food,Croissant,18,2019-04-01,,,20
174988,sr_legacy_food,"Croissant, apple",18,2019-04-01,,,20
174989,sr_legacy_food,"Croissant, cheese",18,2019-04-01,,,20
172751,sr_legacy_food,"Croutons, plain",18,2019-04-01,,,50
172752,sr_legacy_food,"Croutons, seasoned",18,2019-04-01,,,40
172754,sr_legacy_food,"Danish pastry, cheese",18,2019-04-01,,,20
172753,sr_legacy_food,"Danish pastry, cinnamon",18,2019-04-01,,,20
172824,sr_legacy_food,"Danish pastry, cinnamon",18,2019-04-01,,,20
172755,sr_legacy_food,"Danish pastry, fruit",18,2019-04-01,,,20
172825,sr_legacy_food,"Danish pastry, fruit",18,2019-04-01,,,20
172827,sr_legacy_food,"Danish pastry, lemon",18,2019-04-01,,,20
175061,sr_legacy_food,"Danish pastry, raspberry",18,2019-04-01,,,20
174992,sr_legacy_food,"Doughnut, cake",18,2019-04-01,,,20
174993,sr_legacy_food,"Doughnut, cake-type, chocolate",18,2019-04-01,,,20
174990,sr_legacy_food,"Doughnut, cake, old-fashioned",18,2019-04-01,,,20
172756,sr_legacy_food,"Doughnut, glazed",18,2019-04-01,,,20
175062,sr_legacy_food,"Doughnut, glazed",18,2019-04-01,,,20
172757,sr_legacy_food,"Doughnut, with creme filling",18,2019-04-01,,,20
172759,sr_legacy_food,"Doughnut, with jelly filling",18,2019-04-01,,,20
173238,sr_legacy_food,English muffin,18,2019-04-01,,,50
174996,sr_legacy_food,"English muffin, mixed-grain",18,2019-04-01,,,50
174997,sr_legacy_food,"English muffin, raisin-cinnamon",18,2019-04-01,,,50
172761,sr_legacy_food,"English muffin, wheat",18,2019-04-01,,,50
174093,sr_legacy_food,"English muffin, whole grain",18,2019-04-01,,,60
172762,sr_legacy_food,"English muffin, whole-wheat",18,2019-04-01,,,60
167945,sr_legacy_food,Focaccia,18,2019-04-01,,,50
174998,sr_legacy_food,French toast,18,2019-04-01,,,40
168005,sr_legacy_food,"Goldfish, cheddar flavor",18,2019-04-01,,,30
168006,sr_legacy_food,"Goldfish, explosive pizza flavor",18,2019-04-01,,,30
167594,sr_legacy_food,"Goldfish, original flavor",18,2019-04-01,,,30
167595,sr_legacy_food,"Goldfish, parmesan flavor",18,2019-04-01,,,30
167596,sr_legacy_food,"Goldfish, pizza flavor",18,2019-04-01,,,30
174957,sr_legacy_food,Graham crackers,18,2019-04-01,,,40
174999,sr_legacy_food,Hush puppies,18,2019-04-01,,,40
175000,sr_legacy_food,"Ice cream cones, cake",18,2019-04-01,,,30
175001,sr_legacy_food,"Ice cream cones, sugar",18,2019-04-01,,,30
174959,sr_legacy_food,Ladyfingers,18,2019-04-01,,,30
172764,sr_legacy_food,Muffin,18,2019-04-01,,,50
172768,sr_legacy_food,"Muffin, blueberry",18,2019-04-01,,,50
175005,sr_legacy_food,"Muffin, corn",18,2019-04-01,,,50
172769,sr_legacy_food,"Muffin, oat bran",18,2019-04-01,,,50
175083,sr_legacy_food,Nabisco Grahams Crackers,18,2019-04-01,,,40
172718,sr_legacy_food,Oreo cookies,18,2019-04-01,,,30
167935,sr_legacy_food,Pan dulce,18,2019-04-01,,,40
175009,sr_legacy_food,Pancakes,18,2019-04-01,,,60
172773,sr_legacy_food,"Pancakes, blueberry",18,2019-04-01,,,60
175047,sr_legacy_food,"Pancakes, buttermilk",18,2019-04-01,,,60
167528,sr_legacy_food,Pastelitos de Guava,18,2019-04-01,,,40
172791,sr_legacy_food,Phyllo dough,18,2019-04-01,,,60
175026,sr_legacy_food,Pie crust,18,2019-04-01,,,60
175012,sr_legacy_food,"Pie, apple",18,2019-04-01,,,50
172777,sr_legacy_food,"Pie, banana cream",18,2019-04-01,,,40
172779,sr_legacy_food,"Pie, blueberry",18,2019-04-01,,,50
172781,sr_legacy_food,"Pie, cherry",18,2019-04-01,,,50
175014,sr_legacy_food,"Pie, chocolate creme",18,2019-04-01,,,40
175016,sr_legacy_food,"Pie, coconut creme",18,2019-04-01,,,40
172782,sr_legacy_food,"Pie, coconut custard",18,2019-04-01,,,50
172783,sr_legacy_food,"Pie, egg custard",18,2019-04-01,,,60
175018,sr_legacy_food,"Pie, lemon meringue",18,2019-04-01,,,50
175019,sr_legacy_food,"Pie, mince",18,2019-04-01,,,50
175020,sr_legacy_food,"Pie, peach",18,2019-04-01,,,50
172786,sr_legacy_food,"Pie, pecan",18,2019-04-01,,,50
172788,sr_legacy_food,"Pie, pumpkin",18,2019-04-01,,,20
172789,sr_legacy_food,"Pie, vanilla cream",18,2019-04-01,,,20
173259,sr_legacy_food,Pillsbury Buttermilk Biscuits,18,2019-04-01,,,20
173260,sr_legacy_food,Pillsbury Chocolate Chip Cookies,18,2019-04-01,,,20
167513,sr_legacy_food,Pillsbury Cinnamon Rolls with Icing,18,2019-04-01,,,20
167512,sr_legacy_food,Pillsbury Golden Layer Buttermilk Biscuits,18,2019-04-01,,,20
167921,sr_legacy_food,Pillsbury Grands Buttermilk Biscuits,18,2019-04-01,,,20
172738,sr_legacy_food,Puff pastry,18,2019-04-01,,,30
173258,sr_legacy_food,Ritz Crackers,18,2019-04-01,,,30
175033,sr_legacy_food,"Roll, cheese",18,2019-04-01,,,50
172799,sr_legacy_food,"Roll, cinnamon",18,2019-04-01,,,50
172810,sr_legacy_food,"Roll, dinner",18,2019-04-01,,,50
175027,sr_legacy_food,"Roll, dinner, egg",18,2019-04-01,,,50
175028,sr_legacy_food,"Roll, dinner, oat bran",18,2019-04-01,,,50
175029,sr_legacy_food,"Roll, dinner, rye",18,2019-04-01,,,50
174107,sr_legacy_food,"Roll, dinner, sweet",18,2019-04-01,,,50
175030,sr_legacy_food,"Roll, dinner, wheat",18,2019-04-01,,,50
172794,sr_legacy_food,"Roll, dinner, whole-wheat",18,2019-04-01,,,60
172795,sr_legacy_food,"Roll, french",18,2019-04-01,,,50
175031,sr_legacy_food,"Roll, hard",18,2019-04-01,,,60
168126,sr_legacy_food,"Roll, pumpernickel",18,2019-04-01,,,60
172793,sr_legacy_food,"Rolls, dinner",18,2019-04-01,,,50
171861,sr_legacy_food,"Rolls, gluten-free",18,2019-04-01,,,50
175032,sr_legacy_food,"Strudel, apple",18,2019-04-01,,,30
174931,sr_legacy_food,Stuffing,18,2019-04-01,,,40
175067,sr_legacy_food,"Taco shells, baked, without added salt",18,2019-04-01,,,40
175069,sr_legacy_food,"Tart, breakfast",18,2019-04-01,,,50
174911,sr_legacy_food,Toast,18,2019-04-01,,,50
172801,sr_legacy_food,"Toaster pastries, brown-sugar-cinnamon",18,2019-04-01,,,20
175035,sr_legacy_food,"Toaster pastries, fruit",18,2019-04-01,,,20
175036,sr_legacy_food,"Tortillas, corn",18,2019-04-01,,,70
175037,sr_legacy_food,"Tortillas, flour",18,2019-04-01,,,60
174081,sr_legacy_food,"Tortillas, whole wheat",18,2019-04-01,,,70
167525,sr_legacy_food,"Tostada shell, corn",18,2019-04-01,,,40
175039,sr_legacy_food,Waffles,18,2019-04-01,,,50
167516,sr_legacy_food,"Waffles, buttermilk",18,2019-04-01,,,50
167524,sr_legacy_food,"Waffles, chocolate chip",18,2019-04-01,,,30
172802,sr_legacy_food,Wonton wrappers,18,2019-04-01,,,50
168761,sr_legacy_food,100 Grand Bar,19,2019-04-01,,,20
168767,sr_legacy_food,3 Musketeers bar,19,2019-04-01,,,20
169627,sr_legacy_food,Almond Joy Bites candy,19,2019-04-01,,,20
167562,sr_legacy_food,Almond Joy candy bar,19,2019-04-01,,,20
168816,sr_legacy_food,Apple butter,19,2019-04-01,,,60
169601,sr_legacy_food,Apple crisp,19,2019-04-01,,,50
169657,sr_legacy_food,Aspartame,19,2019-04-01,,,0
167582,sr_legacy_food,Baby Ruth Bar,19,2019-04-01,,,20
167999,sr_legacy_food,"Baking chocolate (Mexican, squares)",19,2019-04-01,,,80
167567,sr_legacy_food,"Baking chocolate (unsweetened, liquid)",19,2019-04-01,,,80
167568,sr_legacy_food,"Baking chocolate (unsweetened, squares)",19,2019-04-01,,,80
167565,sr_legacy_food,Butterfinger Bar,19,2019-04-01,,,20
170278,sr_legacy_food,Butterfinger Crisp,19,2019-04-01,,,20
167972,sr_legacy_food,Butterscotch candy,19,2019-04-01,,,30
169637,sr_legacy_food,"Candy, milk chocolate coated coffee beans",19,2019-04-01,,,30
168001,sr_legacy_food,"Candy, milk chocolate coated peanuts",19,2019-04-01,,,30
169576,sr_legacy_food,"Candy, milk chocolate coated raisins",19,2019-04-01,,,30
168754,sr_legacy_food,"Candy, milk chocolate, with almonds",19,2019-04-01,,,30
168755,sr_legacy_food,"Candy, milk chocolate, with rice cereal",19,2019-04-01,,,30
169670,sr_legacy_food,"Candy, taffy",19,2019-04-01,,,30
170281,sr_legacy_food,"Candy, tamarind",19,2019-04-01,,,30
167974,sr_legacy_food,Caramel candy,19,2019-04-01,,,30
168771,sr_legacy_food,Chewing gum,19,2019-04-01,,,20
169882,sr_legacy_food,"Chewing gum, sugarless",19,2019-04-01,,,20
167976,sr_legacy_food,"Chocolate chips, semisweet",19,2019-04-01,,,40
169690,sr_legacy_food,"Chocolate chips, semisweet, with butter",19,2019-04-01,,,40
169593,sr_legacy_food,Cocoa powder,19,2019-04-01,,,90
168774,sr_legacy_food,"Cocoa powder, Hershey’s European Style",19,2019-04-01,,,60
168762,sr_legacy_food,Crunch Bar and Dessert Topping,19,2019-04-01,,,20
170271,sr_legacy_food,"Dark chocolate, 45–59% cacao",19,2019-04-01,,,60
170272,sr_legacy_food,"Dark chocolate, 60–69% cacao",19,2019-04-01,,,70
170273,sr_legacy_food,"Dark chocolate, 70–85% cacao",19,2019-04-01,,,80
168805,sr_legacy_food,Dove dark chocolate,19,2019-04-01,,,50
168804,sr_legacy_food,Dove milk chocolate,19,2019-04-01,,,50
169595,sr_legacy_food,Egg custard,19,2019-04-01,,,80
168773,sr_legacy_food,"Egg custards, dry mix, prepared with whole milk",19,2019-04-01,,,60
167574,sr_legacy_food,"Flan, caramel custard",19,2019-04-01,,,50
167986,sr_legacy_food,Fondant candy,19,2019-04-01,,,30
168795,sr_legacy_food,"Frosting, chocolate",19,2019-04-01,,,30
169618,sr_legacy_food,"Frosting, coconut-nut",19,2019-04-01,,,30
169619,sr_legacy_food,"Frosting, cream cheese",19,2019-04-01,,,30
169668,sr_legacy_food,"Frosting, glaze",19,2019-04-01,,,30
169620,sr_legacy_food,"Frosting, vanilla",19,2019-04-01,,,30
169626,sr_legacy_food,"Frosting, white",19,2019-04-01,,,30
168104,sr_legacy_food,"Frozen yogurt, chocolate",19,2019-04-01,,,30
168103,sr_legacy_food,"Frozen yogurt, chocolate, nonfat",19,2019-04-01,,,30
167541,sr_legacy_food,Fruit leather rolls,19,2019-04-01,,,20
167953,sr_legacy_food,Fruit syrup,19,2019-04-01,,,20
167987,sr_legacy_food,Fudge,19,2019-04-01,,,30
167579,sr_legacy_food,"Fudge, vanilla",19,2019-04-01,,,30
169599,sr_legacy_food,Gelatin,19,2019-04-01,,,20
167581,sr_legacy_food,Goobers Chocolate Covered Peanuts,19,2019-04-01,,,20
168801,sr_legacy_food,Heath Bites candy,19,2019-04-01,,,20
167979,sr_legacy_food,Hershey’s Golden Almond Solitaires,19,2019-04-01,,,20
169622,sr_legacy_food,Hershey’s Milk Chocolate with Almond Bites,19,2019-04-01,,,20
169579,sr_legacy_food,Hershey’s Pot of Gold Almond Bar,19,2019-04-01,,,20
168757,sr_legacy_food,Hershey’s Skor Toffee Bar,19,2019-04-01,,,20
169640,sr_legacy_food,Honey,19,2019-04-01,,,90
167546,sr_legacy_food,Honeycomb candy with peanut butter,19,2019-04-01,,,20
168810,sr_legacy_food,"Ice cream, strawberry",19,2019-04-01,,,30
167575,sr_legacy_food,"Ice cream, vanilla",19,2019-04-01,,,30
168812,sr_legacy_food,Italian ice,19,2019-04-01,,,20
169641,sr_legacy_food,Jam or preserves,19,2019-04-01,,,50
170645,sr_legacy_food,"Jam or preserves, apricot",19,2019-04-01,,,50
167991,sr_legacy_food,Jelly beans,19,2019-04-01,,,30
167992,sr_legacy_food,Kit Kat bar,19,2019-04-01,,,20
169629,sr_legacy_food,Kit Kat Big Kat bar,19,2019-04-01,,,20
167993,sr_legacy_food,Krackel chocolate bar,19,2019-04-01,,,20
169045,sr_legacy_food,Locust bean gum/guar gum,19,2019-04-01,,,10
168814,sr_legacy_food,M&M's,19,2019-04-01,,,30
168108,sr_legacy_food,M&M's Almond Chocolate Candies,19,2019-04-01,,,30
169583,sr_legacy_food,M&M’s milk chocolate candies,19,2019-04-01,,,30
169591,sr_legacy_food,M&M's MINIs Milk Chocolate Candies,19,2019-04-01,,,30
167689,sr_legacy_food,M&M’s peanut butter candies,19,2019-04-01,,,30
169582,sr_legacy_food,M&M’s peanut candies,19,2019-04-01,,,30
170678,sr_legacy_food,M&M's Pretzel Chocolate Candies,19,2019-04-01,,,30
167994,sr_legacy_food,Mars Almond Bar,19,2019-04-01,,,20
167995,sr_legacy_food,Marshmallows,19,2019-04-01,,,30
167587,sr_legacy_food,Milk chocolate,19,2019-04-01,,,40
168756,sr_legacy_food,Milky Way bar,19,2019-04-01,,,20
167701,sr_legacy_food,Milky Way Midnight Bar,19,2019-04-01,,,20
168820,sr_legacy_food,Molasses,19,2019-04-01,,,60
168759,sr_legacy_food,Mounds Candy Bar,19,2019-04-01,,,20
168777,sr_legacy_food,"Mousse, chocolate",19,2019-04-01,,,40
168760,sr_legacy_food,Mr. Goodbar Chocolate Bar,19,2019-04-01,,,20
169060,sr_legacy_food,"Nougat, with almonds",19,2019-04-01,,,30
168000,sr_legacy_food,Nutella,19,2019-04-01,,,30
170680,sr_legacy_food,PayDay candy bar,19,2019-04-01,,,20
169585,sr_legacy_food,Peanut bar,19,2019-04-01,,,30
169586,sr_legacy_food,Peanut brittle,19,2019-04-01,,,30
168813,sr_legacy_food,Popsicle,19,2019-04-01,,,20
169638,sr_legacy_food,"Popsicle, lime",19,2019-04-01,,,20
168847,sr_legacy_food,"Popsicle, pineapple-coconut",19,2019-04-01,,,20
168791,sr_legacy_food,Praline candy,19,2019-04-01,,,30
168825,sr_legacy_food,"Pudding, banana",19,2019-04-01,,,30
169604,sr_legacy_food,"Pudding, chocolate",19,2019-04-01,,,30
168799,sr_legacy_food,"Pudding, chocolate, fat free",19,2019-04-01,,,20
168829,sr_legacy_food,"Pudding, coconut cream",19,2019-04-01,,,30
168830,sr_legacy_food,"Pudding, lemon",19,2019-04-01,,,30
168782,sr_legacy_food,"Pudding, rice",19,2019-04-01,,,30
169614,sr_legacy_food,"Pudding, tapioca",19,2019-04-01,,,30
168798,sr_legacy_food,"Pudding, tapioca, fat free",19,2019-04-01,,,20
169608,sr_legacy_food,"Pudding, vanilla",19,2019-04-01,,,30
168797,sr_legacy_food,"Pudding, vanilla, fat free",19,2019-04-01,,,20
169587,sr_legacy_food,Raisinets chocolate covered raisins,19,2019-04-01,,,30
169623,sr_legacy_food,Reese's bites,19,2019-04-01,,,20
168763,sr_legacy_food,Reese's Peanut Butter Cups,19,2019-04-01,,,20
168764,sr_legacy_food,Reese's Pieces Candy,19,2019-04-01,,,20
169628,sr_legacy_food,Reese’s Sticks,19,2019-04-01,,,20
168765,sr_legacy_food,Rolo Caramels in Milk Chocolate,19,2019-04-01,,,20
169588,sr_legacy_food,Sesame crunch candy,19,2019-04-01,,,30
167577,sr_legacy_food,"Sherbet, orange",19,2019-04-01,,,20
168843,sr_legacy_food,Skittles,19,2019-04-01,,,30
168842,sr_legacy_food,Skittles Sours Original,19,2019-04-01,,,30
169667,sr_legacy_food,Skittles Tropical Bite Size Candies,19,2019-04-01,,,30
168840,sr_legacy_food,Skittles Wild Berry Bite Size Candies,19,2019-04-01,,,30
168818,sr_legacy_food,Snickers Almond bar,19,2019-04-01,,,30
169589,sr_legacy_food,Snickers bar,19,2019-04-01,,,30
169663,sr_legacy_food,Snickers Cruncher,19,2019-04-01,,,30
169639,sr_legacy_food,Snickers Munch bar,19,2019-04-01,,,30
168848,sr_legacy_food,"Soft-serve, chocolate",19,2019-04-01,,,40
167981,sr_legacy_food,"Soft-serve, french vanilla",19,2019-04-01,,,40
168815,sr_legacy_food,"Soft-serve, vanilla",19,2019-04-01,,,40
170257,sr_legacy_food,Splenda,19,2019-04-01,,,10
169590,sr_legacy_food,Starburst,19,2019-04-01,,,30
169646,sr_legacy_food,"Starburst Fruit Chews, Fruit and Creme",19,2019-04-01,,,30
168823,sr_legacy_food,"Starburst Fruit Chews, Tropical fruits",19,2019-04-01,,,30
169647,sr_legacy_food,Starburst Sour Fruit Chews,19,2019-04-01,,,30
169655,sr_legacy_food,Sugar,19,2019-04-01,,,50
170656,sr_legacy_food,Sugar-coated almonds,19,2019-04-01,,,60
168833,sr_legacy_food,"Sugar, brown",19,2019-04-01,,,50
169658,sr_legacy_food,"Sugar, maple",19,2019-04-01,,,70
169656,sr_legacy_food,"Sugar, powdered",19,2019-04-01,,,50
170674,sr_legacy_food,"Sugar, turbinado",19,2019-04-01,,,60
167977,sr_legacy_food,Sweet chocolate,19,2019-04-01,,,30
170277,sr_legacy_food,"Syrup, agave",19,2019-04-01,,,50
167743,sr_legacy_food,"Syrup, cane",19,2019-04-01,,,50
168835,sr_legacy_food,"Syrup, chocolate",19,2019-04-01,,,30
168836,sr_legacy_food,"Syrup, dark corn",19,2019-04-01,,,20
168088,sr_legacy_food,"Syrup, grenadine",19,2019-04-01,,,20
169659,sr_legacy_food,"Syrup, high-fructose corn",19,2019-04-01,,,20
168837,sr_legacy_food,"Syrup, light corn",19,2019-04-01,,,20
169660,sr_legacy_food,"Syrup, malt",19,2019-04-01,,,30
170276,sr_legacy_food,"Syrup, maple",19,2019-04-01,,,40
169662,sr_legacy_food,"Syrup, sorghum",19,2019-04-01,,,40
169878,sr_legacy_food,"Syrup, sugar-free",19,2019-04-01,,,10
167947,sr_legacy_food,"Toblerone, milk chocolate with honey and almond nougat",19,2019-04-01,,,20
169671,sr_legacy_food,Toffee,19,2019-04-01,,,30
167971,sr_legacy_food,Tootsie roll,19,2019-04-01,,,20
168841,sr_legacy_food,"Toppings, butterscotch or caramel",19,2019-04-01,,,30
169664,sr_legacy_food,"Toppings, marshmallow cream",19,2019-04-01,,,20
169580,sr_legacy_food,Truffles,19,2019-04-01,,,30
168768,sr_legacy_food,Twix,19,2019-04-01,,,20
168102,sr_legacy_food,Twix chocolate fudge cookie bars,19,2019-04-01,,,20
168769,sr_legacy_food,Twix Peanut Butter Cookie Bars,19,2019-04-01,,,20
167583,sr_legacy_food,Twizzlers Strawberry Twists Candy,19,2019-04-01,,,20
167571,sr_legacy_food,White chocolate,19,2019-04-01,,,20
167982,sr_legacy_food,York Peppermint Pattie,19,2019-04-01,,,20
170683,sr_legacy_food,"Amaranth, cooked",20,2019-04-01,,,70
170682,sr_legacy_food,"Amaranth, uncooked",20,2019-04-01,,,90
170283,sr_legacy_food,"Barley, hulled",20,2019-04-01,,,80
170285,sr_legacy_food,"Barley, pearled",20,2019-04-01,,,70
170284,sr_legacy_food,"Barley, pearled, raw",20,2019-04-01,,,70
169713,sr_legacy_food,"Bran, rice",20,2019-04-01,,,70
168898,sr_legacy_food,Brown rice flour,20,2019-04-01,,,60
169704,sr_legacy_food,"Brown rice, long-grain",20,2019-04-01,,,70
169703,sr_legacy_food,"Brown rice, long-grain, raw",20,2019-04-01,,,70
168875,sr_legacy_food,"Brown rice, medium-grain",20,2019-04-01,,,70
169706,sr_legacy_food,"Brown rice, medium-grain, raw",20,2019-04-01,,,70
170286,sr_legacy_food,Buckwheat,20,2019-04-01,,,80
170687,sr_legacy_food,"Buckwheat flour, whole-groat",20,2019-04-01,,,70
170686,sr_legacy_food,"Buckwheat groats, roasted",20,2019-04-01,,,80
170685,sr_legacy_food,"Buckwheat groats, roasted, dry",20,2019-04-01,,,80
170287,sr_legacy_food,Bulgur,20,2019-04-01,,,70
170688,sr_legacy_food,"Bulgur, dry",20,2019-04-01,,,70
170289,sr_legacy_food,Corn bran,20,2019-04-01,,,70
168921,sr_legacy_food,"Corn flour, corn, blue",20,2019-04-01,,,70
169696,sr_legacy_food,"Corn flour, corn, masa, white",20,2019-04-01,,,70
169749,sr_legacy_food,"Corn flour, masa",20,2019-04-01,,,70
169748,sr_legacy_food,"Corn flour, white",20,2019-04-01,,,70
170290,sr_legacy_food,"Corn flour, yellow",20,2019-04-01,,,70
168920,sr_legacy_food,"Corn, grain, dry, white",20,2019-04-01,,,80
170288,sr_legacy_food,"Corn, grain, dry, yellow",20,2019-04-01,,,80
172015,sr_legacy_food,"Cornmeal, white",20,2019-04-01,,,70
168929,sr_legacy_food,"Cornmeal, yellow",20,2019-04-01,,,70
169698,sr_legacy_food,Cornstarch,20,2019-04-01,,,50
169700,sr_legacy_food,Couscous,20,2019-04-01,,,60
169699,sr_legacy_food,"Couscous, dry",20,2019-04-01,,,70
169761,sr_legacy_food,"Flour, all-purpose",20,2019-04-01,,,50
170684,sr_legacy_food,"Flour, arrowroot",20,2019-04-01,,,50
169739,sr_legacy_food,"Flour, barley",20,2019-04-01,,,50
169740,sr_legacy_food,"Flour, barley malt",20,2019-04-01,,,50
168913,sr_legacy_food,"Flour, bread",20,2019-04-01,,,50
168885,sr_legacy_food,"Flour, dark rye",20,2019-04-01,,,50
168887,sr_legacy_food,"Flour, light rye",20,2019-04-01,,,50
168886,sr_legacy_food,"Flour, medium rye",20,2019-04-01,,,50
172023,sr_legacy_food,"Flour, millet",20,2019-04-01,,,50
169714,sr_legacy_food,"Flour, white rice",20,2019-04-01,,,50
168888,sr_legacy_food,"Flour, whole-grain triticale",20,2019-04-01,,,50
168893,sr_legacy_food,"Flour, whole-wheat",20,2019-04-01,,,60
169701,sr_legacy_food,Hominy,20,2019-04-01,,,70
169752,sr_legacy_food,"Hominy, yellow",20,2019-04-01,,,70
168904,sr_legacy_food,"Macaroni, vegetable",20,2019-04-01,,,60
168903,sr_legacy_food,"Macaroni, vegetable, dry",20,2019-04-01,,,50
168871,sr_legacy_food,Millet,20,2019-04-01,,,90
169702,sr_legacy_food,"Millet, raw",20,2019-04-01,,,90
168905,sr_legacy_food,"Noodles, chow mein",20,2019-04-01,,,40
168926,sr_legacy_food,"Noodles, egg",20,2019-04-01,,,70
169755,sr_legacy_food,"Noodles, egg, dry",20,2019-04-01,,,60
169735,sr_legacy_food,"Noodles, fried",20,2019-04-01,,,40
168914,sr_legacy_food,"Noodles, rice",20,2019-04-01,,,70
169742,sr_legacy_food,"Noodles, rice, dry",20,2019-04-01,,,60
168873,sr_legacy_food,Oat bran,20,2019-04-01,,,70
168872,sr_legacy_food,"Oat bran, raw",20,2019-04-01,,,70
169741,sr_legacy_food,Oat flour,20,2019-04-01,,,70
169705,sr_legacy_food,Oats,20,2019-04-01,,,70
168928,sr_legacy_food,Pasta,20,2019-04-01,,,50
168927,sr_legacy_food,"Pasta, dry",20,2019-04-01,,,50
169728,sr_legacy_food,"Pasta, fresh",20,2019-04-01,,,60
169730,sr_legacy_food,"Pasta, fresh, spinach",20,2019-04-01,,,60
169729,sr_legacy_food,"Pasta, fresh, spinach, uncooked",20,2019-04-01,,,60
169727,sr_legacy_food,"Pasta, fresh, uncooked",20,2019-04-01,,,60
168900,sr_legacy_food,"Pasta, gluten-free, corn",20,2019-04-01,,,50
168899,sr_legacy_food,"Pasta, gluten-free, corn, dry",20,2019-04-01,,,50
173265,sr_legacy_food,"Pasta, gluten-free, corn/rice flour",20,2019-04-01,,,50
168901,sr_legacy_food,"Pasta, homemade",20,2019-04-01,,,60
168902,sr_legacy_food,"Pasta, homemade, without egg",20,2019-04-01,,,60
168916,sr_legacy_food,"Pasta, whole-grain",20,2019-04-01,,,70
168915,sr_legacy_food,"Pasta, whole-grain, dry",20,2019-04-01,,,70
168910,sr_legacy_food,"Pasta, whole-wheat",20,2019-04-01,,,70
169738,sr_legacy_food,"Pasta, whole-wheat, dry",20,2019-04-01,,,70
168917,sr_legacy_food,Quinoa,20,2019-04-01,,,80
168874,sr_legacy_food,"Quinoa, uncooked",20,2019-04-01,,,80
169711,sr_legacy_food,"Rice, glutinous",20,2019-04-01,,,80
168883,sr_legacy_food,"Rice, glutinous, uncooked",20,2019-04-01,,,80
168884,sr_legacy_food,Rye grain,20,2019-04-01,,,90
168933,sr_legacy_food,Semolina,20,2019-04-01,,,70
168907,sr_legacy_food,Soba noodles,20,2019-04-01,,,70
168906,sr_legacy_food,"Soba noodles, dry",20,2019-04-01,,,70
168909,sr_legacy_food,Somen noodles,20,2019-04-01,,,70
168908,sr_legacy_food,"Somen noodles, dry",20,2019-04-01,,,70
168943,sr_legacy_food,"Sorghum flour, whole-grain",20,2019-04-01,,,80
169716,sr_legacy_food,Sorghum grain,20,2019-04-01,,,90
168912,sr_legacy_food,"Spaghetti, spinach",20,2019-04-01,,,60
168911,sr_legacy_food,"Spaghetti, spinach, dry",20,2019-04-01,,,60
169746,sr_legacy_food,Spelt,20,2019-04-01,,,90
169745,sr_legacy_food,"Spelt, uncooked",20,2019-04-01,,,90
169717,sr_legacy_food,"Tapioca pearls, dry",20,2019-04-01,,,70
168918,sr_legacy_food,Teff,20,2019-04-01,,,90
169747,sr_legacy_food,"Teff, uncooked",20,2019-04-01,,,90
169718,sr_legacy_food,Triticale,20,2019-04-01,,,90
168147,sr_legacy_food,Vital wheat gluten,20,2019-04-01,,,50
169722,sr_legacy_food,Wheat bran,20,2019-04-01,,,80
168944,sr_legacy_food,"Wheat flour, whole-grain, soft wheat",20,2019-04-01,,,80
168892,sr_legacy_food,Wheat germ,20,2019-04-01,,,80
169721,sr_legacy_food,"Wheat, durum",20,2019-04-01,,,90
168889,sr_legacy_food,"Wheat, hard red spring",20,2019-04-01,,,90
168890,sr_legacy_food,"Wheat, hard red winter",20,2019-04-01,,,90
169719,sr_legacy_food,"Wheat, hard white",20,2019-04-01,,,90
168891,sr_legacy_food,"Wheat, soft red winter",20,2019-04-01,,,90
169720,sr_legacy_food,"Wheat, soft white",20,2019-04-01,,,90
169725,sr_legacy_food,"Wheat, sprouted",20,2019-04-01,,,90
168935,sr_legacy_food,White rice,20,2019-04-01,,,70
168877,sr_legacy_food,"White rice, dry",20,2019-04-01,,,70
168930,sr_legacy_food,"White rice, medium-grain",20,2019-04-01,,,70
169760,sr_legacy_food,"White rice, medium-grain, dry",20,2019-04-01,,,70
168932,sr_legacy_food,"White rice, short-grain",20,2019-04-01,,,70
168931,sr_legacy_food,"White rice, short-grain, dry",20,2019-04-01,,,70
168897,sr_legacy_food,"White rice, wild",20,2019-04-01,,,70
169726,sr_legacy_food,"White rice, wild, raw",20,2019-04-01,,,70
170329,sr_legacy_food,Burger King Cheeseburger,21,2019-04-01,,,20
170731,sr_legacy_food,Burger King Chicken Strips,21,2019-04-01,,,20
170374,sr_legacy_food,Burger King Double Cheeseburger,21,2019-04-01,,,20
170730,sr_legacy_food,Burger King Double Whopper,21,2019-04-01,,,20
170729,sr_legacy_food,"Burger King Double Whopper, no cheese",21,2019-04-01,,,20
170327,sr_legacy_food,Burger King french fries,21,2019-04-01,,,20
172077,sr_legacy_food,Burger King french toast sticks,21,2019-04-01,,,20
170328,sr_legacy_food,Burger King Hamburger,21,2019-04-01,,,20
172078,sr_legacy_food,Burger King Hash Brown Rounds,21,2019-04-01,,,20
170771,sr_legacy_food,Burger King Onion Rings,21,2019-04-01,,,20
170331,sr_legacy_food,Burger King Original Chicken Sandwich,21,2019-04-01,,,20
170330,sr_legacy_food,Burger King Premium Fish Sandwich,21,2019-04-01,,,20
170700,sr_legacy_food,Burger King Vanilla Shake,21,2019-04-01,,,20
170728,sr_legacy_food,Burger King Whopper,21,2019-04-01,,,20
170727,sr_legacy_food,"Burger King Whopper, no cheese",21,2019-04-01,,,20
170303,sr_legacy_food,Chick-fil-A Chick-n-Strips,21,2019-04-01,,,20
170790,sr_legacy_food,Chick-fil-A chicken sandwich,21,2019-04-01,,,20
170304,sr_legacy_food,Chick-fil-A hash browns,21,2019-04-01,,,20
172069,sr_legacy_food,McDonald's Bacon Egg & Cheese Biscuit,21,2019-04-01,,,20
172072,sr_legacy_food,McDonald's Bacon Ranch Salad with Crispy Chicken,21,2019-04-01,,,30
173312,sr_legacy_food,McDonald's Bacon Ranch Salad with Grilled Chicken,21,2019-04-01,,,40
172073,sr_legacy_food,McDonald's Bacon Ranch Salad without chicken,21,2019-04-01,,,50
173300,sr_legacy_food,"McDonald's Bacon, Egg & Cheese McGriddle",21,2019-04-01,,,20
172064,sr_legacy_food,McDonald's Big Breakfast,21,2019-04-01,,,20
170720,sr_legacy_food,McDonald's Big Mac,21,2019-04-01,,,20
170320,sr_legacy_food,McDonald's Cheeseburger,21,2019-04-01,,,20
173297,sr_legacy_food,McDonald's Chicken McNuggets,21,2019-04-01,,,20
172065,sr_legacy_food,McDonald's Double Cheeseburger,21,2019-04-01,,,20
172066,sr_legacy_food,McDonald's Double Quarter Pounder with Cheese,21,2019-04-01,,,20
173307,sr_legacy_food,McDonald's Egg McMuffin,21,2019-04-01,,,20
170319,sr_legacy_food,McDonald's Filet-O-Fish,21,2019-04-01,,,20
170721,sr_legacy_food,McDonald's french fries,21,2019-04-01,,,20
172075,sr_legacy_food,McDonald's Fruit 'n Yogurt Parfait,21,2019-04-01,,,30
170717,sr_legacy_food,McDonald's Hamburger,21,2019-04-01,,,20
173298,sr_legacy_food,McDonald's Hash Brown,21,2019-04-01,,,20
173301,sr_legacy_food,McDonald's Hot Caramel Sundae,21,2019-04-01,,,20
173302,sr_legacy_food,McDonald's Hot Fudge Sundae,21,2019-04-01,,,20
173299,sr_legacy_food,McDonald's Hotcakes (plain),21,2019-04-01,,,30
173310,sr_legacy_food,McDonald's Hotcakes and Sausage,21,2019-04-01,,,20
173305,sr_legacy_food,McDonald's McChicken Sandwich,21,2019-04-01,,,20
173303,sr_legacy_food,McDonald's McFlurry with M&M'S CANDIES,21,2019-04-01,,,10
173304,sr_legacy_food,McDonald's McFlurry with OREO cookies,21,2019-04-01,,,10
170321,sr_legacy_food,McDonald's Quarter Pounder,21,2019-04-01,,,20
170719,sr_legacy_food,McDonald's Quarter Pounder with Cheese,21,2019-04-01,,,20
170777,sr_legacy_food,"McDonald's Ranch Snack Wrap, Crispy",21,2019-04-01,,,20
170778,sr_legacy_food,"McDonald's Ranch Snack Wrap, Grilled",21,2019-04-01,,,20
172070,sr_legacy_food,McDonald's Sausage Biscuit,21,2019-04-01,,,20
172071,sr_legacy_food,McDonald's Sausage Biscuit with Egg,21,2019-04-01,,,20
172063,sr_legacy_food,McDonald's Sausage Burrito,21,2019-04-01,,,20
172059,sr_legacy_food,McDonald's Sausage McGriddle,21,2019-04-01,,,20
173308,sr_legacy_food,McDonald's Sausage McMuffin,21,2019-04-01,,,20
172068,sr_legacy_food,McDonald's Sausage McMuffin with Egg,21,2019-04-01,,,20
172060,sr_legacy_food,"McDonald's Sausage, Egg & Cheese McGriddle",21,2019-04-01,,,20
172074,sr_legacy_food,McDonald's Side Salad,21,2019-04-01,,,50
170776,sr_legacy_food,McDonald's Southern Style Chicken Biscuit,21,2019-04-01,,,20
172062,sr_legacy_food,McDonald's Strawberry Sundae,21,2019-04-01,,,30
172061,sr_legacy_food,McDonald's Vanilla ce Cream Cone,21,2019-04-01,,,30
173292,sr_legacy_food,"Pizza, cheese",21,2019-04-01,,,50
170773,sr_legacy_food,"Pizza, cheese, stuffed crust",21,2019-04-01,,,50
173293,sr_legacy_food,"Pizza, cheese, thick crust",21,2019-04-01,,,50
173294,sr_legacy_food,"Pizza, cheese, thin crust",21,2019-04-01,,,50
172055,sr_legacy_food,"Pizza, meat and vegetable, regular crust",21,2019-04-01,,,50
173295,sr_legacy_food,"Pizza, pepperoni, regular crust",21,2019-04-01,,,50
173296,sr_legacy_food,"Pizza, pepperoni, thick crust",21,2019-04-01,,,50
170762,sr_legacy_food,"Pizza, pepperoni, thin crust",21,2019-04-01,,,50
170367,sr_legacy_food,"Pizza, sausage, regular crust",21,2019-04-01,,,50
170365,sr_legacy_food,"Pizza, sausage, thick crust",21,2019-04-01,,,50
170366,sr_legacy_food,"Pizza, sausage, thin crust",21,2019-04-01,,,20
172086,sr_legacy_food,Popeyes biscuit,21,2019-04-01,,,20
172087,sr_legacy_food,Popeyes Coleslaw,21,2019-04-01,,,30
170353,sr_legacy_food,"Popeyes Fried Chicken, Mild, Breast, meat and skin with breading",21,2019-04-01,,,20
170748,sr_legacy_food,"Popeyes Fried Chicken, Mild, Breast, meat only, skin and breading removed",21,2019-04-01,,,40
170354,sr_legacy_food,"Popeyes Fried Chicken, Mild, Drumstick, meat and skin with breading",21,2019-04-01,,,20
170749,sr_legacy_food,"Popeyes Fried Chicken, Mild, Drumstick, meat only, skin and breading removed",21,2019-04-01,,,40
170350,sr_legacy_food,"Popeyes Fried Chicken, Mild, Skin and Breading",21,2019-04-01,,,10
170750,sr_legacy_food,"Popeyes Fried Chicken, Mild, Thigh, meat and skin with breading",21,2019-04-01,,,20
170351,sr_legacy_food,"Popeyes Fried Chicken, Mild, Thigh, meat only, skin and breading removed",21,2019-04-01,,,40
170751,sr_legacy_food,"Popeyes Fried Chicken, Mild, Wing, meat and skin with breading",21,2019-04-01,,,20
170352,sr_legacy_food,"Popeyes Fried Chicken, Mild, Wing, meat only, skin and breading removed",21,2019-04-01,,,40
172088,sr_legacy_food,Popeyes Mild Chicken Strips,21,2019-04-01,,,20
170338,sr_legacy_food,Popeyes Spicy Chicken Strips,21,2019-04-01,,,20
170734,sr_legacy_food,Taco Bell bean burrito,21,2019-04-01,,,20
170735,sr_legacy_food,Taco Bell burrito supreme with beef,21,2019-04-01,,,20
170334,sr_legacy_food,Taco Bell burrito supreme with chicken,21,2019-04-01,,,20
170335,sr_legacy_food,Taco Bell burrito supreme with steak,21,2019-04-01,,,20
170336,sr_legacy_food,Taco Bell Nachos,21,2019-04-01,,,20
170337,sr_legacy_food,Taco Bell Nachos Supreme,21,2019-04-01,,,20
170332,sr_legacy_food,"Taco Bell Original Taco with beef, cheese and lettuce",21,2019-04-01,,,20
170333,sr_legacy_food,"Taco Bell Soft Taco with beef, cheese and lettuce",21,2019-04-01,,,20
170732,sr_legacy_food,"Taco Bell Soft Taco with chicken, cheese and lettuce",21,2019-04-01,,,20
170733,sr_legacy_food,Taco Bell Soft Taco with steak,21,2019-04-01,,,20
170736,sr_legacy_food,Taco Bell Taco Salad,21,2019-04-01,,,30
170725,sr_legacy_food,Wendy's Chicken Nuggets,21,2019-04-01,,,20
170325,sr_legacy_food,"Wendy's CLASSIC DOUBLE, with cheese",21,2019-04-01,,,20
170722,sr_legacy_food,"Wendy's CLASSIC SINGLE Hamburger, no cheese",21,2019-04-01,,,20
170322,sr_legacy_food,"Wendy's CLASSIC SINGLE Hamburger, with cheese",21,2019-04-01,,,20
170772,sr_legacy_food,"Wendy's DAVE'S Hot 'N Juicy 1/4 LB, single",21,2019-04-01,,,20
170784,sr_legacy_food,"Wendy's Double Stack, with cheese",21,2019-04-01,,,20
170726,sr_legacy_food,Wendy's french fries,21,2019-04-01,,,20
170326,sr_legacy_food,Wendy's Frosty Dairy Dessert,21,2019-04-01,,,20
170723,sr_legacy_food,Wendy's Homestyle Chicken Fillet Sandwich,21,2019-04-01,,,20
170324,sr_legacy_food,"Wendy's Jr. Hamburger, with cheese",21,2019-04-01,,,20
170323,sr_legacy_food,"Wendy's Jr. Hamburger, without cheese",21,2019-04-01,,,20
170724,sr_legacy_food,Wendy's Ultimate Chicken Grill Sandwich,21,2019-04-01,,,20
170770,sr_legacy_food,Wendy'sCrispy Chicken Sandwich,21,2019-04-01,,,20
172093,sr_legacy_food,Beef pot pie,22,2019-04-01,,,40
173330,sr_legacy_food,"Beef stew, canned",22,2019-04-01,,,30
173332,sr_legacy_food,"Beef, corned beef hash",22,2019-04-01,,,40
173336,sr_legacy_food,"Burrito, bean and cheese",22,2019-04-01,,,50
173335,sr_legacy_food,"Burrito, beef and bean",22,2019-04-01,,,50
172112,sr_legacy_food,Chicken nuggets,22,2019-04-01,,,40
173331,sr_legacy_food,Chicken pot pie,22,2019-04-01,,,40
173346,sr_legacy_food,Chicken tenders,22,2019-04-01,,0.2,40
173345,sr_legacy_food,Corn dogs,22,2019-04-01,,,40
172104,sr_legacy_food,"Egg rolls, chicken",22,2019-04-01,,,40
172103,sr_legacy_food,"Egg rolls, pork",22,2019-04-01,,,40
172105,sr_legacy_food,"Egg rolls, vegetable",22,2019-04-01,,,40
169770,sr_legacy_food,"Macaroni and cheese, box mix",22,2019-04-01,,,20
173343,sr_legacy_food,Potato salad with egg,22,2019-04-01,,,70
169773,sr_legacy_food,Potsticker,22,2019-04-01,,,40
173344,sr_legacy_food,Pulled pork,22,2019-04-01,,,80
169772,sr_legacy_food,"Taquitos, beef and cheese",22,2019-04-01,,,40
169771,sr_legacy_food,"Taquitos, chicken and cheese",22,2019-04-01,,,40
172094,sr_legacy_food,Tortellini,22,2019-04-01,,,50
172092,sr_legacy_food,Turkey pot pie,22,2019-04-01,,,40
167536,sr_legacy_food,Beef jerky,23,2019-04-01,,,70
168850,sr_legacy_food,Beef sticks,23,2019-04-01,,,60
173006,sr_legacy_food,"Cereal bar, rice and wheat",23,2019-04-01,,,50
173150,sr_legacy_food,"Chips, bagel",23,2019-04-01,,,30
168849,sr_legacy_food,"Chips, banana",23,2019-04-01,,,30
173155,sr_legacy_food,"Chips, brown rice",23,2019-04-01,,,30
167537,sr_legacy_food,"Chips, corn",23,2019-04-01,,,30
173147,sr_legacy_food,"Chips, pita",23,2019-04-01,,,30
173142,sr_legacy_food,"Chips, plantain",23,2019-04-01,,,30
169677,sr_legacy_food,"Chips, potato",23,2019-04-01,,,30
168853,sr_legacy_food,"Chips, potato, dried",23,2019-04-01,,,30
174805,sr_legacy_food,"Chips, potato, lightly salted",23,2019-04-01,,,30
174783,sr_legacy_food,"Chips, sweet potato",23,2019-04-01,,,30
168865,sr_legacy_food,"Chips, taro",23,2019-04-01,,,30
167558,sr_legacy_food,"Chips, tortilla",23,2019-04-01,,,30
168859,sr_legacy_food,"Chips, tortilla, baked",23,2019-04-01,,,40
173143,sr_legacy_food,"Chips, tortilla, yellow corn",23,2019-04-01,,,30
174796,sr_legacy_food,"Chips, vegetable",23,2019-04-01,,,30
173152,sr_legacy_food,"Chips, yucca",23,2019-04-01,,,40
173156,sr_legacy_food,Chocolate covered pretzels,23,2019-04-01,,,30
174799,sr_legacy_food,CLIF bar,23,2019-04-01,,,40
168857,sr_legacy_food,Corn cakes,23,2019-04-01,,,50
169672,sr_legacy_food,"Cornnuts, barbecue-flavor",23,2019-04-01,,,40
167950,sr_legacy_food,"Cornnuts, plain",23,2019-04-01,,,50
167966,sr_legacy_food,"Crackers, brown rice",23,2019-04-01,,,50
173161,sr_legacy_food,"Crackers, rice",23,2019-04-01,,,50
169673,sr_legacy_food,"Crisped rice bar, almond",23,2019-04-01,,,50
167951,sr_legacy_food,"Crisped rice bar, chocolate chip",23,2019-04-01,,,50
169636,sr_legacy_food,Fruit leather,23,2019-04-01,,,40
168808,sr_legacy_food,Fruit Roll Ups,23,2019-04-01,,,30
168095,sr_legacy_food,"Granola bar, soft, milk chocolate coated, peanut butter",23,2019-04-01,,,50
169863,sr_legacy_food,"Granola bar, with coconut, chocolate coated",23,2019-04-01,,,50
167543,sr_legacy_food,"Granola bars, almond",23,2019-04-01,,,60
167952,sr_legacy_food,"Granola bars, chocolate chip",23,2019-04-01,,,60
169681,sr_legacy_food,"Granola bars, peanut butter",23,2019-04-01,,,60
167542,sr_legacy_food,"Granola bars, plain",23,2019-04-01,,,60
174650,sr_legacy_food,Milk and cereal bar,23,2019-04-01,,,40
174802,sr_legacy_food,Nature Valley bar with yogurt coating,23,2019-04-01,,,50
174801,sr_legacy_food,"Nature Valley bar, sweet and salty",23,2019-04-01,,,50
173153,sr_legacy_food,"Nature Valley bar, trail mix",23,2019-04-01,,,60
173151,sr_legacy_food,"Nutri-Grain bar, fruit and nuts",23,2019-04-01,,,50
168862,sr_legacy_food,"Nutri-Grain cereal bars, fruit",23,2019-04-01,,,50
167959,sr_legacy_food,"Popcorn, air-popped",23,2019-04-01,,,70
170246,sr_legacy_food,"Popcorn, air-popped (Unsalted)",23,2019-04-01,,,70
167552,sr_legacy_food,"Popcorn, caramel-coated, without peanuts",23,2019-04-01,,,50
167960,sr_legacy_food,"Popcorn, cheese-flavor",23,2019-04-01,,,40
169861,sr_legacy_food,"Popcorn, home-prepared, unsalted",23,2019-04-01,,,70
167961,sr_legacy_food,Pork rinds,23,2019-04-01,,,80
168854,sr_legacy_food,Potato sticks,23,2019-04-01,,,40
174790,sr_legacy_food,"Pretzel, soft",23,2019-04-01,,,50
167555,sr_legacy_food,Pretzels,23,2019-04-01,,,50
169064,sr_legacy_food,"Pretzels, soft",23,2019-04-01,,,50
168107,sr_legacy_food,Rice cake,23,2019-04-01,,,60
170250,sr_legacy_food,"Rice cakes, brown rice",23,2019-04-01,,,60
169687,sr_legacy_food,Rice Krispies Treats,23,2019-04-01,,,30
170653,sr_legacy_food,"Sesame sticks, wheat-based",23,2019-04-01,,,40
174788,sr_legacy_food,"Sunchips, french onion",23,2019-04-01,,,40
174789,sr_legacy_food,"Sunchips, harvest cheddar",23,2019-04-01,,,40
174784,sr_legacy_food,"Sunchips, original",23,2019-04-01,,,40
167561,sr_legacy_food,Trail mix,23,2019-04-01,,,70
170654,sr_legacy_food,"Trail mix, regular, unsalted",23,2019-04-01,,,80
167969,sr_legacy_food,"Trail mix, regular, with chocolate chips, salted nuts and seeds",23,2019-04-01,,,60
167968,sr_legacy_food,"Trail mix, tropical",23,2019-04-01,,,60
169831,sr_legacy_food,Applebee's 9 oz house sirloin steak,25,2019-04-01,,,60
169841,sr_legacy_food,Applebee's chicken tenders platter,25,2019-04-01,,,40
169012,sr_legacy_food,"Applebee's chicken tenders, from kids' menu",25,2019-04-01,,,30
169018,sr_legacy_food,Applebee's chili,25,2019-04-01,,,40
169020,sr_legacy_food,Applebee's coleslaw,25,2019-04-01,,,20
169840,sr_legacy_food,Applebee's crunchy onion rings,25,2019-04-01,,,20
169008,sr_legacy_food,Applebee's Double Crunch Shrimp,25,2019-04-01,,,20
169017,sr_legacy_food,"Applebee's fish, hand battered",25,2019-04-01,,,20
169009,sr_legacy_food,Applebee's french fries,25,2019-04-01,,,20
169011,sr_legacy_food,Applebee's mozzarella sticks,25,2019-04-01,,,20
168070,sr_legacy_food,Arepa,25,2019-04-01,,,70
168064,sr_legacy_food,Arroz con frijoles negros (rice and black beans),25,2019-04-01,,,70
168066,sr_legacy_food,Arroz con grandules (rice and pigeonpeas),25,2019-04-01,,,70
168065,sr_legacy_food,Arroz con habichuelas colorados (Rice And Red Beans),25,2019-04-01,,,70
168063,sr_legacy_food,Arroz con leche (rice pudding),25,2019-04-01,,,60
167666,sr_legacy_food,"Beans, refried",25,2019-04-01,,,60
168071,sr_legacy_food,Bunuelos,25,2019-04-01,,,30
169837,sr_legacy_food,Chicken fingers,25,2019-04-01,,,40
168062,sr_legacy_food,Chicken parmesan,25,2019-04-01,,,40
169847,sr_legacy_food,Chicken tenders,25,2019-04-01,,,40
167675,sr_legacy_food,"Chicken, General Tso's",25,2019-04-01,,,40
167676,sr_legacy_food,"Chicken, kung pao",25,2019-04-01,,,40
167674,sr_legacy_food,"Chicken, lemon",25,2019-04-01,,,40
167679,sr_legacy_food,"Chicken, orange",25,2019-04-01,,,40
168087,sr_legacy_food,"Chicken, sesame",25,2019-04-01,,,40
168081,sr_legacy_food,"Chicken, sweet and sour",25,2019-04-01,,,40
169028,sr_legacy_food,Chili,25,2019-04-01,,,70
168072,sr_legacy_food,"Chinese restaurant, beef and vegetables",25,2019-04-01,,,60
167678,sr_legacy_food,"Chinese restaurant, chicken and vegetables",25,2019-04-01,,,60
168080,sr_legacy_food,"Chinese restaurant, shrimp and vegetables",25,2019-04-01,,,40
168084,sr_legacy_food,"Chinese restaurant, vegetable chow mein",25,2019-04-01,,,40
167677,sr_legacy_food,"Chinese restaurant, vegetable lo mein",25,2019-04-01,,,40
168083,sr_legacy_food,"Chow mein, chicken",25,2019-04-01,,,40
169026,sr_legacy_food,Coleslaw,25,2019-04-01,,,60
169842,sr_legacy_food,"Cracker Barrel chicken tenderloin platter, fried",25,2019-04-01,,,40
168073,sr_legacy_food,"Cracker Barrel chicken tenderloin platter, fried, from kid's menu",25,2019-04-01,,,40
169843,sr_legacy_food,Cracker Barrel coleslaw,25,2019-04-01,,,50
168074,sr_legacy_food,Cracker Barrel country fried shrimp platter,25,2019-04-01,,,40
168075,sr_legacy_food,Cracker Barrel farm raised catfish platter,25,2019-04-01,,,40
167670,sr_legacy_food,Cracker Barrel grilled sirloin steak,25,2019-04-01,,,80
169849,sr_legacy_food,Cracker Barrel macaroni n' cheese,25,2019-04-01,,,50
167671,sr_legacy_food,"Cracker Barrel macaroni n' cheese plate, from kid's menu",25,2019-04-01,,,50
169021,sr_legacy_food,Cracker Barrel onion rings,25,2019-04-01,,,30
168079,sr_legacy_food,Denny's chicken nuggets,25,2019-04-01,,,30
169022,sr_legacy_food,Denny's chicken strips,25,2019-04-01,,,40
169023,sr_legacy_food,Denny's coleslaw,25,2019-04-01,,,50
169024,sr_legacy_food,Denny's fish fillet,25,2019-04-01,,,40
167672,sr_legacy_food,Denny's french fries,25,2019-04-01,,,30
168077,sr_legacy_food,Denny's golden fried shrimp,25,2019-04-01,,,40
169025,sr_legacy_food,Denny's hash browns,25,2019-04-01,,,30
168078,sr_legacy_food,"Denny's macaroni & cheese, from kid's menu",25,2019-04-01,,,50
168076,sr_legacy_food,Denny's mozzarella cheese sticks,25,2019-04-01,,,30
169844,sr_legacy_food,Denny's onion rings,25,2019-04-01,,,30
169845,sr_legacy_food,Denny's spaghetti and meatballs,25,2019-04-01,,,50
167673,sr_legacy_food,Denny's top sirloin steak,25,2019-04-01,,,70
167667,sr_legacy_food,Egg rolls,25,2019-04-01,,,40
167668,sr_legacy_food,"Eice, fried",25,2019-04-01,,,40
167660,sr_legacy_food,"Empanadas, beef",25,2019-04-01,,,50
169855,sr_legacy_food,"Enchilada, cheese",25,2019-04-01,,,50
169836,sr_legacy_food,"French fries, from restaurant",25,2019-04-01,,,40
167669,sr_legacy_food,"Fries, steak",25,2019-04-01,,,40
169848,sr_legacy_food,Hash browns,25,2019-04-01,,,40
169850,sr_legacy_food,Lasagna,25,2019-04-01,,,50
169839,sr_legacy_food,Macaroni and cheese,25,2019-04-01,,,50
167659,sr_legacy_food,"Mexican restaurant, chicken and rice",25,2019-04-01,,,60
167658,sr_legacy_food,"Mexican restaurant, soft taco with ground beef, cheese and lettuce",25,2019-04-01,,,60
169015,sr_legacy_food,Mozzarella sticks,25,2019-04-01,,,30
169037,sr_legacy_food,Olive Garden cheese ravioli,25,2019-04-01,,,50
169858,sr_legacy_food,Olive Garden chicken parmigiana,25,2019-04-01,,,50
169851,sr_legacy_food,Olive Garden lasagna classico,25,2019-04-01,,,50
168085,sr_legacy_food,Olive Garden spaghetti with meat sauce,25,2019-04-01,,,50
169852,sr_legacy_food,Olive Garden spaghetti with pomodoro sauce,25,2019-04-01,,,60
169027,sr_legacy_food,Onion rings,25,2019-04-01,,,30
168082,sr_legacy_food,"Pork, sweet and sour",25,2019-04-01,,,50
167661,sr_legacy_food,Pupusas con frijoles,25,2019-04-01,,,60
167662,sr_legacy_food,Pupusas con queso,25,2019-04-01,,,60
167663,sr_legacy_food,Pupusas del cerdo,25,2019-04-01,,,60
169035,sr_legacy_food,"Quesadilla, cheese",25,2019-04-01,,,50
169038,sr_legacy_food,Ravioli,25,2019-04-01,,,50
169838,sr_legacy_food,"Shrimp, breaded and fried",25,2019-04-01,,,40
168068,sr_legacy_food,"Soup, black bean",25,2019-04-01,,,70
168069,sr_legacy_food,"Soup, tripe",25,2019-04-01,,,80
169029,sr_legacy_food,Spaghetti and meatballs,25,2019-04-01,,,60
167680,sr_legacy_food,Spaghetti with meat sauce,25,2019-04-01,,,60
169033,sr_legacy_food,Spaghetti with pomodoro sauce,25,2019-04-01,,,70
167665,sr_legacy_food,Spanish rice,25,2019-04-01,,,70
169016,sr_legacy_food,"Steak, sirloin",25,2019-04-01,,,100
167664,sr_legacy_food,"Tamale, corn",25,2019-04-01,,,70
168067,sr_legacy_food,"Tamale, pork",25,2019-04-01,,,70
169856,sr_legacy_food,"Tamales, cheese",25,2019-04-01,,,70
